Country,Country Code,Year,Population
Slovak Republic,SK,2022,5431752.0
Slovak Republic,SK,2021,5447247.0
Slovak Republic,SK,2020,5458827.0
Slovak Republic,SK,2019,5454147.0
Slovak Republic,SK,2018,5446771.0
Slovak Republic,SK,2017,5439232.0
Slovak Republic,SK,2016,5430798.0
Slovak Republic,SK,2015,5423801.0
Slovak Republic,SK,2014,5418649.0
Slovak Republic,SK,2013,5413393.0
Slovak Republic,SK,2012,5407579.0
Slovak Republic,SK,2011,5398384.0
Slovak Republic,SK,2010,5391428.0
Slovak Republic,SK,2009,5386406.0
Slovak Republic,SK,2008,5379233.0
Slovak Republic,SK,2007,5374622.0
Slovak Republic,SK,2006,5373054.0
Slovak Republic,SK,2005,5372807.0
Slovak Republic,SK,2004,5372280.0
Slovak Republic,SK,2003,5373374.0
Slovak Republic,SK,2002,5376912.0
Slovak Republic,SK,2001,5378867.0
Slovak Republic,SK,2000,5388720.0
Slovak Republic,SK,1999,5396020.0
Slovak Republic,SK,1998,5390516.0
Slovak Republic,SK,1997,5383291.0
Slovak Republic,SK,1996,5373361.0
Slovak Republic,SK,1995,5361999.0
Slovak Republic,SK,1994,5346331.0
Slovak Republic,SK,1993,5325305.0
Slovak Republic,SK,1992,5305016.0
Slovak Republic,SK,1991,5303294.0
Slovak Republic,SK,1990,5299187.0
Slovak Republic,SK,1989,5275942.0
Slovak Republic,SK,1988,5250596.0
Slovak Republic,SK,1987,5222840.0
Slovak Republic,SK,1986,5193838.0
Slovak Republic,SK,1985,5161768.0
Slovak Republic,SK,1984,5127097.0
Slovak Republic,SK,1983,5091971.0
Slovak Republic,SK,1982,5055099.0
Slovak Republic,SK,1981,5016105.0
Slovak Republic,SK,1980,4979815.0
Slovak Republic,SK,1979,4938973.0
Slovak Republic,SK,1978,4890125.0
Slovak Republic,SK,1977,4840501.0
Slovak Republic,SK,1976,4789507.0
Slovak Republic,SK,1975,4739105.0
Slovak Republic,SK,1974,4689623.0
Slovak Republic,SK,1973,4641445.0
Slovak Republic,SK,1972,4596622.0
Slovak Republic,SK,1971,4557449.0
Slovak Republic,SK,1970,4538223.0
Slovak Republic,SK,1969,4518607.0
Slovak Republic,SK,1968,4483915.0
Slovak Republic,SK,1967,4449367.0
Slovak Republic,SK,1966,4411666.0
Slovak Republic,SK,1965,4370983.0
Slovak Republic,SK,1964,4327341.0
Slovak Republic,SK,1963,4282017.0
United States,US,2022,333271411.0
United States,US,2021,332048977.0
United States,US,2020,331526933.0
United States,US,2019,328329953.0
United States,US,2018,326838199.0
United States,US,2017,325122128.0
United States,US,2016,323071755.0
United States,US,2015,320738994.0
United States,US,2014,318386329.0
United States,US,2013,316059947.0
United States,US,2012,313877662.0
United States,US,2011,311583481.0
United States,US,2010,309327143.0
United States,US,2009,306771529.0
United States,US,2008,304093966.0
United States,US,2007,301231207.0
United States,US,2006,298379912.0
United States,US,2005,295516599.0
United States,US,2004,292805298.0
United States,US,2003,290107933.0
United States,US,2002,287625193.0
United States,US,2001,284968955.0
United States,US,2000,282162411.0
United States,US,1999,279040000.0
United States,US,1998,275854000.0
United States,US,1997,272657000.0
United States,US,1996,269394000.0
United States,US,1995,266278000.0
United States,US,1994,263126000.0
United States,US,1993,259919000.0
United States,US,1992,256514000.0
United States,US,1991,252981000.0
United States,US,1990,249623000.0
United States,US,1989,246819000.0
United States,US,1988,244499000.0
United States,US,1987,242289000.0
United States,US,1986,240133000.0
United States,US,1985,237924000.0
United States,US,1984,235825000.0
United States,US,1983,233792000.0
United States,US,1982,231664000.0
United States,US,1981,229466000.0
United States,US,1980,227225000.0
United States,US,1979,225055000.0
United States,US,1978,222585000.0
United States,US,1977,220239000.0
United States,US,1976,218035000.0
United States,US,1975,215973000.0
United States,US,1974,213854000.0
United States,US,1973,211909000.0
United States,US,1972,209896000.0
United States,US,1971,207661000.0
United States,US,1970,205052000.0
United States,US,1969,202677000.0
United States,US,1968,200706000.0
United States,US,1967,198712000.0
United States,US,1966,196560000.0
United States,US,1965,194303000.0
United States,US,1964,191889000.0
United States,US,1963,189242000.0
Canada,CA,2022,38939056.0
Canada,CA,2021,38239864.0
Canada,CA,2020,38028638.0
Canada,CA,2019,37618495.0
Canada,CA,2018,37072620.0
Canada,CA,2017,36545075.0
Canada,CA,2016,36110803.0
Canada,CA,2015,35704498.0
Canada,CA,2014,35434066.0
Canada,CA,2013,35080992.0
Canada,CA,2012,34713395.0
Canada,CA,2011,34339221.0
Canada,CA,2010,34005902.0
Canada,CA,2009,33630069.0
Canada,CA,2008,33247298.0
Canada,CA,2007,32888886.0
Canada,CA,2006,32571193.0
Canada,CA,2005,32242732.0
Canada,CA,2004,31938807.0
Canada,CA,2003,31642461.0
Canada,CA,2002,31359199.0
Canada,CA,2001,31020855.0
Canada,CA,2000,30685730.0
Canada,CA,1999,30401286.0
Canada,CA,1998,30155173.0
Canada,CA,1997,29905948.0
Canada,CA,1996,29610218.0
Canada,CA,1995,29302311.0
Canada,CA,1994,29000663.0
Canada,CA,1993,28684764.0
Canada,CA,1992,28371264.0
Canada,CA,1991,28037420.0
Canada,CA,1990,27691138.0
Canada,CA,1989,27276781.0
Canada,CA,1988,26791747.0
Canada,CA,1987,26446601.0
Canada,CA,1986,26100278.0
Canada,CA,1985,25842116.0
Canada,CA,1984,25607053.0
Canada,CA,1983,25366451.0
Canada,CA,1982,25116942.0
Canada,CA,1981,24819915.0
Canada,CA,1980,24515667.0
Canada,CA,1979,24201544.0
Canada,CA,1978,23963203.0
Canada,CA,1977,23725843.0
Canada,CA,1976,23449808.0
Canada,CA,1975,23143275.0
Canada,CA,1974,22807969.0
Canada,CA,1973,22491777.0
Canada,CA,1972,22218463.0
Canada,CA,1971,21962032.0
Canada,CA,1970,21324000.0
Canada,CA,1969,21028000.0
Canada,CA,1968,20744000.0
Canada,CA,1967,20412000.0
Canada,CA,1966,20048000.0
Canada,CA,1965,19678000.0
Canada,CA,1964,19325000.0
Canada,CA,1963,18964000.0
Sweden,SE,2022,10486941.0
Sweden,SE,2021,10415811.0
Sweden,SE,2020,10353442.0
Sweden,SE,2019,10278887.0
Sweden,SE,2018,10175214.0
Sweden,SE,2017,10057698.0
Sweden,SE,2016,9923085.0
Sweden,SE,2015,9799186.0
Sweden,SE,2014,9696110.0
Sweden,SE,2013,9600379.0
Sweden,SE,2012,9519374.0
Sweden,SE,2011,9449213.0
Sweden,SE,2010,9378126.0
Sweden,SE,2009,9298515.0
Sweden,SE,2008,9219637.0
Sweden,SE,2007,9148092.0
Sweden,SE,2006,9080505.0
Sweden,SE,2005,9029572.0
Sweden,SE,2004,8993531.0
Sweden,SE,2003,8958229.0
Sweden,SE,2002,8924958.0
Sweden,SE,2001,8895960.0
Sweden,SE,2000,8872109.0
Sweden,SE,1999,8857874.0
Sweden,SE,1998,8850974.0
Sweden,SE,1997,8846062.0
Sweden,SE,1996,8840998.0
Sweden,SE,1995,8826939.0
Sweden,SE,1994,8780745.0
Sweden,SE,1993,8718561.0
Sweden,SE,1992,8668067.0
Sweden,SE,1991,8617375.0
Sweden,SE,1990,8558835.0
Sweden,SE,1989,8492964.0
Sweden,SE,1988,8436489.0
Sweden,SE,1987,8397804.0
Sweden,SE,1986,8369829.0
Sweden,SE,1985,8350386.0
Sweden,SE,1984,8336605.0
Sweden,SE,1983,8329033.0
Sweden,SE,1982,8325263.0
Sweden,SE,1981,8320503.0
Sweden,SE,1980,8310531.0
Sweden,SE,1979,8293678.0
Sweden,SE,1978,8275599.0
Sweden,SE,1977,8251540.0
Sweden,SE,1976,8222286.0
Sweden,SE,1975,8192437.0
Sweden,SE,1974,8159955.0
Sweden,SE,1973,8136312.0
Sweden,SE,1972,8122300.0
Sweden,SE,1971,8098334.0
Sweden,SE,1970,8042801.0
Sweden,SE,1969,7968072.0
Sweden,SE,1968,7912273.0
Sweden,SE,1967,7867931.0
Sweden,SE,1966,7807797.0
Sweden,SE,1965,7733853.0
Sweden,SE,1964,7661354.0
Sweden,SE,1963,7604328.0
Czechia,CZ,2022,10672118.0
Czechia,CZ,2021,10505772.0
Czechia,CZ,2020,10697858.0
Czechia,CZ,2019,10671870.0
Czechia,CZ,2018,10629928.0
Czechia,CZ,2017,10594438.0
Czechia,CZ,2016,10566332.0
Czechia,CZ,2015,10546059.0
Czechia,CZ,2014,10525347.0
Czechia,CZ,2013,10514272.0
Czechia,CZ,2012,10510785.0
Czechia,CZ,2011,10496088.0
Czechia,CZ,2010,10474410.0
Czechia,CZ,2009,10443936.0
Czechia,CZ,2008,10384603.0
Czechia,CZ,2007,10298828.0
Czechia,CZ,2006,10238905.0
Czechia,CZ,2005,10211216.0
Czechia,CZ,2004,10197101.0
Czechia,CZ,2003,10193998.0
Czechia,CZ,2002,10196916.0
Czechia,CZ,2001,10216605.0
Czechia,CZ,2000,10255063.0
Czechia,CZ,1999,10283860.0
Czechia,CZ,1998,10294373.0
Czechia,CZ,1997,10304131.0
Czechia,CZ,1996,10315241.0
Czechia,CZ,1995,10327253.0
Czechia,CZ,1994,10333587.0
Czechia,CZ,1993,10329855.0
Czechia,CZ,1992,10319123.0
Czechia,CZ,1991,10308578.0
Czechia,CZ,1990,10333355.0
Czechia,CZ,1989,10361068.0
Czechia,CZ,1988,10355276.0
Czechia,CZ,1987,10347318.0
Czechia,CZ,1986,10342227.0
Czechia,CZ,1985,10337118.0
Czechia,CZ,1984,10330213.0
Czechia,CZ,1983,10323856.0
Czechia,CZ,1982,10314826.0
Czechia,CZ,1981,10300591.0
Czechia,CZ,1980,10304193.0
Czechia,CZ,1979,10292341.0
Czechia,CZ,1978,10242098.0
Czechia,CZ,1977,10186755.0
Czechia,CZ,1976,10125939.0
Czechia,CZ,1975,10058620.0
Czechia,CZ,1974,9988459.0
Czechia,CZ,1973,9922266.0
Czechia,CZ,1972,9867632.0
Czechia,CZ,1971,9826815.0
Czechia,CZ,1970,9858071.0
Czechia,CZ,1969,9896580.0
Czechia,CZ,1968,9876346.0
Czechia,CZ,1967,9852899.0
Czechia,CZ,1966,9821040.0
Czechia,CZ,1965,9779358.0
Czechia,CZ,1964,9727804.0
Czechia,CZ,1963,9670685.0
Austria,AT,2022,9041851.0
Austria,AT,2021,8955797.0
Austria,AT,2020,8916864.0
Austria,AT,2019,8879920.0
Austria,AT,2018,8840521.0
Austria,AT,2017,8797566.0
Austria,AT,2016,8736668.0
Austria,AT,2015,8642699.0
Austria,AT,2014,8546356.0
Austria,AT,2013,8479823.0
Austria,AT,2012,8429991.0
Austria,AT,2011,8391643.0
Austria,AT,2010,8363404.0
Austria,AT,2009,8343323.0
Austria,AT,2008,8321496.0
Austria,AT,2007,8295487.0
Austria,AT,2006,8268641.0
Austria,AT,2005,8227829.0
Austria,AT,2004,8171966.0
Austria,AT,2003,8121423.0
Austria,AT,2002,8081957.0
Austria,AT,2001,8042293.0
Austria,AT,2000,8011566.0
Austria,AT,1999,7992324.0
Austria,AT,1998,7976789.0
Austria,AT,1997,7968041.0
Austria,AT,1996,7959017.0
Austria,AT,1995,7948278.0
Austria,AT,1994,7936118.0
Austria,AT,1993,7905633.0
Austria,AT,1992,7840709.0
Austria,AT,1991,7754891.0
Austria,AT,1990,7677850.0
Austria,AT,1989,7619567.0
Austria,AT,1988,7585317.0
Austria,AT,1987,7574586.0
Austria,AT,1986,7569794.0
Austria,AT,1985,7564985.0
Austria,AT,1984,7561434.0
Austria,AT,1983,7561910.0
Austria,AT,1982,7574140.0
Austria,AT,1981,7568710.0
Austria,AT,1980,7549433.0
Austria,AT,1979,7549425.0
Austria,AT,1978,7562305.0
Austria,AT,1977,7568430.0
Austria,AT,1976,7565525.0
Austria,AT,1975,7578903.0
Austria,AT,1974,7599038.0
Austria,AT,1973,7586115.0
Austria,AT,1972,7544201.0
Austria,AT,1971,7500482.0
Austria,AT,1970,7467086.0
Austria,AT,1969,7441055.0
Austria,AT,1968,7415403.0
Austria,AT,1967,7376998.0
Austria,AT,1966,7322066.0
Austria,AT,1965,7270889.0
Austria,AT,1964,7223801.0
Austria,AT,1963,7175811.0
Russian Federation,RU,2022,144236933.0
Russian Federation,RU,2021,144746762.0
Russian Federation,RU,2020,145245148.0
Russian Federation,RU,2019,145453291.0
Russian Federation,RU,2018,145398106.0
Russian Federation,RU,2017,145293260.0
Russian Federation,RU,2016,145015460.0
Russian Federation,RU,2015,144640716.0
Russian Federation,RU,2014,144237223.0
Russian Federation,RU,2013,143805638.0
Russian Federation,RU,2012,143378447.0
Russian Federation,RU,2011,143018195.0
Russian Federation,RU,2010,142849468.0
Russian Federation,RU,2009,142785348.0
Russian Federation,RU,2008,142742366.0
Russian Federation,RU,2007,142805114.0
Russian Federation,RU,2006,143049637.0
Russian Federation,RU,2005,143518814.0
Russian Federation,RU,2004,144067316.0
Russian Federation,RU,2003,144648618.0
Russian Federation,RU,2002,145306497.0
Russian Federation,RU,2001,145976482.0
Russian Federation,RU,2000,146596869.0
Russian Federation,RU,1999,147214776.0
Russian Federation,RU,1998,147670784.0
Russian Federation,RU,1997,147915361.0
Russian Federation,RU,1996,148160129.0
Russian Federation,RU,1995,148375787.0
Russian Federation,RU,1994,148407912.0
Russian Federation,RU,1993,148458777.0
Russian Federation,RU,1992,148538197.0
Russian Federation,RU,1991,148394216.0
Russian Federation,RU,1990,147969406.0
Russian Federation,RU,1989,147721000.0
Russian Federation,RU,1988,146857000.0
Russian Federation,RU,1987,145908000.0
Russian Federation,RU,1986,144894000.0
Russian Federation,RU,1985,143858000.0
Russian Federation,RU,1984,142745000.0
Russian Federation,RU,1983,141668000.0
Russian Federation,RU,1982,140823000.0
Russian Federation,RU,1981,139941000.0
Russian Federation,RU,1980,139010000.0
Russian Federation,RU,1979,138027000.0
Russian Federation,RU,1978,137060000.0
Russian Federation,RU,1977,136100000.0
Russian Federation,RU,1976,135147000.0
Russian Federation,RU,1975,134200000.0
Russian Federation,RU,1974,133432000.0
Russian Federation,RU,1973,132669000.0
Russian Federation,RU,1972,131909000.0
Russian Federation,RU,1971,131155000.0
Russian Federation,RU,1970,130404000.0
Russian Federation,RU,1969,129664000.0
Russian Federation,RU,1968,128928000.0
Russian Federation,RU,1967,128196000.0
Russian Federation,RU,1966,127468000.0
Russian Federation,RU,1965,126745000.0
Russian Federation,RU,1964,125345000.0
Russian Federation,RU,1963,123960000.0
Finland,FI,2022,5556106.0
Finland,FI,2021,5541017.0
Finland,FI,2020,5529543.0
Finland,FI,2019,5521606.0
Finland,FI,2018,5515525.0
Finland,FI,2017,5508214.0
Finland,FI,2016,5495303.0
Finland,FI,2015,5479531.0
Finland,FI,2014,5461512.0
Finland,FI,2013,5438972.0
Finland,FI,2012,5413971.0
Finland,FI,2011,5388272.0
Finland,FI,2010,5363352.0
Finland,FI,2009,5338871.0
Finland,FI,2008,5313399.0
Finland,FI,2007,5288720.0
Finland,FI,2006,5266268.0
Finland,FI,2005,5246096.0
Finland,FI,2004,5228172.0
Finland,FI,2003,5213014.0
Finland,FI,2002,5200598.0
Finland,FI,2001,5188008.0
Finland,FI,2000,5176209.0
Finland,FI,1999,5165474.0
Finland,FI,1998,5153498.0
Finland,FI,1997,5139835.0
Finland,FI,1996,5124573.0
Finland,FI,1995,5107790.0
Finland,FI,1994,5088333.0
Finland,FI,1993,5066447.0
Finland,FI,1992,5041992.0
Finland,FI,1991,5013740.0
Finland,FI,1990,4986431.0
Finland,FI,1989,4964371.0
Finland,FI,1988,4946481.0
Finland,FI,1987,4932123.0
Finland,FI,1986,4918154.0
Finland,FI,1985,4902206.0
Finland,FI,1984,4881803.0
Finland,FI,1983,4855787.0
Finland,FI,1982,4826933.0
Finland,FI,1981,4799964.0
Finland,FI,1980,4779535.0
Finland,FI,1979,4764690.0
Finland,FI,1978,4752528.0
Finland,FI,1977,4738902.0
Finland,FI,1976,4725664.0
Finland,FI,1975,4711440.0
Finland,FI,1974,4690574.0
Finland,FI,1973,4666081.0
Finland,FI,1972,4639657.0
Finland,FI,1971,4612124.0
Finland,FI,1970,4606307.0
Finland,FI,1969,4623785.0
Finland,FI,1968,4626469.0
Finland,FI,1967,4605744.0
Finland,FI,1966,4580869.0
Finland,FI,1965,4563732.0
Finland,FI,1964,4548543.0
Finland,FI,1963,4523309.0
Switzerland,CH,2022,8777088.0
Switzerland,CH,2021,8704546.0
Switzerland,CH,2020,8638167.0
Switzerland,CH,2019,8575280.0
Switzerland,CH,2018,8514329.0
Switzerland,CH,2017,8451840.0
Switzerland,CH,2016,8373338.0
Switzerland,CH,2015,8282396.0
Switzerland,CH,2014,8188649.0
Switzerland,CH,2013,8089346.0
Switzerland,CH,2012,7996861.0
Switzerland,CH,2011,7912398.0
Switzerland,CH,2010,7824909.0
Switzerland,CH,2009,7743831.0
Switzerland,CH,2008,7647675.0
Switzerland,CH,2007,7551117.0
Switzerland,CH,2006,7483934.0
Switzerland,CH,2005,7437115.0
Switzerland,CH,2004,7389625.0
Switzerland,CH,2003,7339001.0
Switzerland,CH,2002,7284753.0
Switzerland,CH,2001,7229854.0
Switzerland,CH,2000,7184250.0
Switzerland,CH,1999,7143991.0
Switzerland,CH,1998,7110001.0
Switzerland,CH,1997,7088906.0
Switzerland,CH,1996,7071850.0
Switzerland,CH,1995,7040687.0
Switzerland,CH,1994,6993795.0
Switzerland,CH,1993,6938265.0
Switzerland,CH,1992,6875364.0
Switzerland,CH,1991,6799978.0
Switzerland,CH,1990,6715519.0
Switzerland,CH,1989,6646912.0
Switzerland,CH,1988,6593386.0
Switzerland,CH,1987,6545106.0
Switzerland,CH,1986,6504124.0
Switzerland,CH,1985,6470365.0
Switzerland,CH,1984,6441865.0
Switzerland,CH,1983,6418773.0
Switzerland,CH,1982,6391309.0
Switzerland,CH,1981,6354074.0
Switzerland,CH,1980,6319408.0
Switzerland,CH,1979,6294365.0
Switzerland,CH,1978,6281738.0
Switzerland,CH,1977,6281174.0
Switzerland,CH,1976,6302504.0
Switzerland,CH,1975,6338632.0
Switzerland,CH,1974,6341405.0
Switzerland,CH,1973,6307347.0
Switzerland,CH,1972,6260956.0
Switzerland,CH,1971,6213399.0
Switzerland,CH,1970,6180877.0
Switzerland,CH,1969,6136387.0
Switzerland,CH,1968,6067714.0
Switzerland,CH,1967,5991785.0
Switzerland,CH,1966,5918002.0
Switzerland,CH,1965,5856472.0
Switzerland,CH,1964,5789228.0
Switzerland,CH,1963,5694247.0
Germany,DE,2022,83797985.0
Germany,DE,2021,83196078.0
Germany,DE,2020,83160871.0
Germany,DE,2019,83092962.0
Germany,DE,2018,82905782.0
Germany,DE,2017,82657002.0
Germany,DE,2016,82348669.0
Germany,DE,2015,81686611.0
Germany,DE,2014,80982500.0
Germany,DE,2013,80645605.0
Germany,DE,2012,80425823.0
Germany,DE,2011,80274983.0
Germany,DE,2010,81776930.0
Germany,DE,2009,81902307.0
Germany,DE,2008,82110097.0
Germany,DE,2007,82266372.0
Germany,DE,2006,82376451.0
Germany,DE,2005,82469422.0
Germany,DE,2004,82516260.0
Germany,DE,2003,82534176.0
Germany,DE,2002,82488495.0
Germany,DE,2001,82349925.0
Germany,DE,2000,82211508.0
Germany,DE,1999,82100243.0
Germany,DE,1998,82047195.0
Germany,DE,1997,82034771.0
Germany,DE,1996,81914831.0
Germany,DE,1995,81678051.0
Germany,DE,1994,81438348.0
Germany,DE,1993,81156363.0
Germany,DE,1992,80624598.0
Germany,DE,1991,80013896.0
Germany,DE,1990,79433029.0
Germany,DE,1989,78751283.0
Germany,DE,1988,78144619.0
Germany,DE,1987,77839920.0
Germany,DE,1986,77720436.0
Germany,DE,1985,77684873.0
Germany,DE,1984,77858685.0
Germany,DE,1983,78128282.0
Germany,DE,1982,78333366.0
Germany,DE,1981,78407907.0
Germany,DE,1980,78288576.0
Germany,DE,1979,78126350.0
Germany,DE,1978,78091820.0
Germany,DE,1977,78159814.0
Germany,DE,1976,78336950.0
Germany,DE,1975,78673554.0
Germany,DE,1974,78967433.0
Germany,DE,1973,78936666.0
Germany,DE,1972,78688452.0
Germany,DE,1971,78312842.0
Germany,DE,1970,78169289.0
Germany,DE,1969,77909682.0
Germany,DE,1968,77294314.0
Germany,DE,1967,76951336.0
Germany,DE,1966,76600311.0
Germany,DE,1965,75963695.0
Germany,DE,1964,75318337.0
Germany,DE,1963,74714353.0
Latvia,LV,2022,1879383.0
Latvia,LV,2021,1884490.0
Latvia,LV,2020,1900449.0
Latvia,LV,2019,1913822.0
Latvia,LV,2018,1927174.0
Latvia,LV,2017,1942248.0
Latvia,LV,2016,1959537.0
Latvia,LV,2015,1977527.0
Latvia,LV,2014,1993782.0
Latvia,LV,2013,2012647.0
Latvia,LV,2012,2034319.0
Latvia,LV,2011,2059709.0
Latvia,LV,2010,2097555.0
Latvia,LV,2009,2141669.0
Latvia,LV,2008,2177322.0
Latvia,LV,2007,2200325.0
Latvia,LV,2006,2218357.0
Latvia,LV,2005,2238799.0
Latvia,LV,2004,2263122.0
Latvia,LV,2003,2287955.0
Latvia,LV,2002,2310173.0
Latvia,LV,2001,2337170.0
Latvia,LV,2000,2367550.0
Latvia,LV,1999,2390482.0
Latvia,LV,1998,2410019.0
Latvia,LV,1997,2432851.0
Latvia,LV,1996,2457222.0
Latvia,LV,1995,2485056.0
Latvia,LV,1994,2520742.0
Latvia,LV,1993,2563290.0
Latvia,LV,1992,2614338.0
Latvia,LV,1991,2650581.0
Latvia,LV,1990,2663151.0
Latvia,LV,1989,2666955.0
Latvia,LV,1988,2653434.0
Latvia,LV,1987,2626583.0
Latvia,LV,1986,2599892.0
Latvia,LV,1985,2578873.0
Latvia,LV,1984,2562047.0
Latvia,LV,1983,2546011.0
Latvia,LV,1982,2531080.0
Latvia,LV,1981,2519421.0
Latvia,LV,1980,2511701.0
Latvia,LV,1979,2505953.0
Latvia,LV,1978,2497921.0
Latvia,LV,1977,2485073.0
Latvia,LV,1976,2470989.0
Latvia,LV,1975,2456130.0
Latvia,LV,1974,2437186.0
Latvia,LV,1973,2415819.0
Latvia,LV,1972,2395674.0
Latvia,LV,1971,2376389.0
Latvia,LV,1970,2359164.0
Latvia,LV,1969,2343173.0
Latvia,LV,1968,2323619.0
Latvia,LV,1967,2301220.0
Latvia,LV,1966,2283217.0
Latvia,LV,1965,2265919.0
Latvia,LV,1964,2240623.0
Latvia,LV,1963,2210919.0
Poland,PL,2022,36821749.0
Poland,PL,2021,36981559.0
Poland,PL,2020,37899070.0
Poland,PL,2019,37965475.0
Poland,PL,2018,37974750.0
Poland,PL,2017,37974826.0
Poland,PL,2016,37970087.0
Poland,PL,2015,37986412.0
Poland,PL,2014,38011735.0
Poland,PL,2013,38040196.0
Poland,PL,2012,38063164.0
Poland,PL,2011,38063255.0
Poland,PL,2010,38042794.0
Poland,PL,2009,38151603.0
Poland,PL,2008,38125759.0
Poland,PL,2007,38120560.0
Poland,PL,2006,38141267.0
Poland,PL,2005,38165445.0
Poland,PL,2004,38182222.0
Poland,PL,2003,38204570.0
Poland,PL,2002,38230364.0
Poland,PL,2001,38248076.0
Poland,PL,2000,38258629.0
Poland,PL,1999,38660271.0
Poland,PL,1998,38663481.0
Poland,PL,1997,38649660.0
Poland,PL,1996,38624370.0
Poland,PL,1995,38594998.0
Poland,PL,1994,38542652.0
Poland,PL,1993,38461408.0
Poland,PL,1992,38363667.0
Poland,PL,1991,38246193.0
Poland,PL,1990,38110782.0
Poland,PL,1989,37961529.0
Poland,PL,1988,37824487.0
Poland,PL,1987,37668045.0
Poland,PL,1986,37456119.0
Poland,PL,1985,37201885.0
Poland,PL,1984,36904134.0
Poland,PL,1983,36571808.0
Poland,PL,1982,36230481.0
Poland,PL,1981,35898587.0
Poland,PL,1980,35574150.0
Poland,PL,1979,35247217.0
Poland,PL,1978,34965600.0
Poland,PL,1977,34689050.0
Poland,PL,1976,34356300.0
Poland,PL,1975,34015199.0
Poland,PL,1974,33678899.0
Poland,PL,1973,33357200.0
Poland,PL,1972,33055650.0
Poland,PL,1971,32783500.0
Poland,PL,1970,32664300.0
Poland,PL,1969,32548300.0
Poland,PL,1968,32294655.0
Poland,PL,1967,31987155.0
Poland,PL,1966,31681000.0
Poland,PL,1965,31444950.0
Poland,PL,1964,31139450.0
Poland,PL,1963,30712000.0
Belarus,BY,2022,9228071.0
Belarus,BY,2021,9302585.0
Belarus,BY,2020,9379952.0
Belarus,BY,2019,9419758.0
Belarus,BY,2018,9438785.0
Belarus,BY,2017,9458989.0
Belarus,BY,2016,9469379.0
Belarus,BY,2015,9461076.0
Belarus,BY,2014,9448515.0
Belarus,BY,2013,9443211.0
Belarus,BY,2012,9446836.0
Belarus,BY,2011,9461643.0
Belarus,BY,2010,9483836.0
Belarus,BY,2009,9504583.0
Belarus,BY,2008,9527985.0
Belarus,BY,2007,9560953.0
Belarus,BY,2006,9604924.0
Belarus,BY,2005,9663915.0
Belarus,BY,2004,9730146.0
Belarus,BY,2003,9796749.0
Belarus,BY,2002,9865548.0
Belarus,BY,2001,9928549.0
Belarus,BY,2000,9979610.0
Belarus,BY,1999,10026738.0
Belarus,BY,1998,10071963.0
Belarus,BY,1997,10117433.0
Belarus,BY,1996,10159569.0
Belarus,BY,1995,10193831.0
Belarus,BY,1994,10226955.0
Belarus,BY,1993,10239050.0
Belarus,BY,1992,10216470.0
Belarus,BY,1991,10194050.0
Belarus,BY,1990,10189348.0
Belarus,BY,1989,10170000.0
Belarus,BY,1988,10140000.0
Belarus,BY,1987,10111000.0
Belarus,BY,1986,10043000.0
Belarus,BY,1985,9975000.0
Belarus,BY,1984,9910000.0
Belarus,BY,1983,9843000.0
Belarus,BY,1982,9776000.0
Belarus,BY,1981,9710000.0
Belarus,BY,1980,9643000.0
Belarus,BY,1979,9584000.0
Belarus,BY,1978,9525000.0
Belarus,BY,1977,9463000.0
Belarus,BY,1976,9411000.0
Belarus,BY,1975,9367000.0
Belarus,BY,1974,9317584.0
Belarus,BY,1973,9257272.0
Belarus,BY,1972,9188968.0
Belarus,BY,1971,9115576.0
Belarus,BY,1970,9040000.0
Belarus,BY,1969,8960304.0
Belarus,BY,1968,8874552.0
Belarus,BY,1967,8785648.0
Belarus,BY,1966,8696496.0
Belarus,BY,1965,8610000.0
Belarus,BY,1964,8524224.0
Belarus,BY,1963,8437232.0
United Kingdom,GB,2022,67791000.0
United Kingdom,GB,2021,67026292.0
United Kingdom,GB,2020,67081234.0
United Kingdom,GB,2019,66836327.0
United Kingdom,GB,2018,66460344.0
United Kingdom,GB,2017,66058859.0
United Kingdom,GB,2016,65611593.0
United Kingdom,GB,2015,65116219.0
United Kingdom,GB,2014,64602298.0
United Kingdom,GB,2013,64128273.0
United Kingdom,GB,2012,63700215.0
United Kingdom,GB,2011,63258810.0
United Kingdom,GB,2010,62766365.0
United Kingdom,GB,2009,62276270.0
United Kingdom,GB,2008,61806995.0
United Kingdom,GB,2007,61322463.0
United Kingdom,GB,2006,60846820.0
United Kingdom,GB,2005,60401206.0
United Kingdom,GB,2004,59987905.0
United Kingdom,GB,2003,59647577.0
United Kingdom,GB,2002,59370479.0
United Kingdom,GB,2001,59119673.0
United Kingdom,GB,2000,58892514.0
United Kingdom,GB,1999,58682466.0
United Kingdom,GB,1998,58487141.0
United Kingdom,GB,1997,58316954.0
United Kingdom,GB,1996,58166950.0
United Kingdom,GB,1995,58019030.0
United Kingdom,GB,1994,57865745.0
United Kingdom,GB,1993,57718614.0
United Kingdom,GB,1992,57580402.0
United Kingdom,GB,1991,57424897.0
United Kingdom,GB,1990,57247586.0
United Kingdom,GB,1989,57076711.0
United Kingdom,GB,1988,56928327.0
United Kingdom,GB,1987,56802050.0
United Kingdom,GB,1986,56681396.0
United Kingdom,GB,1985,56550268.0
United Kingdom,GB,1984,56422072.0
United Kingdom,GB,1983,56332848.0
United Kingdom,GB,1982,56313641.0
United Kingdom,GB,1981,56333829.0
United Kingdom,GB,1980,56314216.0
United Kingdom,GB,1979,56246951.0
United Kingdom,GB,1978,56196504.0
United Kingdom,GB,1977,56193492.0
United Kingdom,GB,1976,56211968.0
United Kingdom,GB,1975,56225800.0
United Kingdom,GB,1974,56229974.0
United Kingdom,GB,1973,56194527.0
United Kingdom,GB,1972,56086065.0
United Kingdom,GB,1971,55896223.0
United Kingdom,GB,1970,55663250.0
United Kingdom,GB,1969,55441750.0
United Kingdom,GB,1968,55211700.0
United Kingdom,GB,1967,54943600.0
United Kingdom,GB,1966,54648500.0
United Kingdom,GB,1965,54348050.0
United Kingdom,GB,1964,54000000.0
United Kingdom,GB,1963,53650000.0
Kazakhstan,KZ,2022,20034609.0
Kazakhstan,KZ,2021,19743603.0
Kazakhstan,KZ,2020,19482117.0
Kazakhstan,KZ,2019,19209555.0
Kazakhstan,KZ,2018,18932727.0
Kazakhstan,KZ,2017,18651931.0
Kazakhstan,KZ,2016,18363600.0
Kazakhstan,KZ,2015,18084169.0
Kazakhstan,KZ,2014,17816285.0
Kazakhstan,KZ,2013,17556502.0
Kazakhstan,KZ,2012,17306106.0
Kazakhstan,KZ,2011,17066002.0
Kazakhstan,KZ,2010,16836810.0
Kazakhstan,KZ,2009,16619846.0
Kazakhstan,KZ,2008,16426525.0
Kazakhstan,KZ,2007,16257214.0
Kazakhstan,KZ,2006,16103716.0
Kazakhstan,KZ,2005,15968117.0
Kazakhstan,KZ,2004,15850159.0
Kazakhstan,KZ,2003,15747380.0
Kazakhstan,KZ,2002,15656677.0
Kazakhstan,KZ,2001,15575550.0
Kazakhstan,KZ,2000,15501103.0
Kazakhstan,KZ,1999,15455874.0
Kazakhstan,KZ,1998,15647785.0
Kazakhstan,KZ,1997,16043251.0
Kazakhstan,KZ,1996,16416027.0
Kazakhstan,KZ,1995,16730536.0
Kazakhstan,KZ,1994,17043771.0
Kazakhstan,KZ,1993,17274487.0
Kazakhstan,KZ,1992,17332625.0
Kazakhstan,KZ,1991,17278600.0
Kazakhstan,KZ,1990,17154054.0
Kazakhstan,KZ,1989,16997013.0
Kazakhstan,KZ,1988,16781168.0
Kazakhstan,KZ,1987,16527715.0
Kazakhstan,KZ,1986,16262702.0
Kazakhstan,KZ,1985,16031090.0
Kazakhstan,KZ,1984,15844621.0
Kazakhstan,KZ,1983,15665551.0
Kazakhstan,KZ,1982,15492595.0
Kazakhstan,KZ,1981,15323082.0
Kazakhstan,KZ,1980,15152949.0
Kazakhstan,KZ,1979,14978696.0
Kazakhstan,KZ,1978,14711497.0
Kazakhstan,KZ,1977,14353265.0
Kazakhstan,KZ,1976,13998738.0
Kazakhstan,KZ,1975,13700843.0
Kazakhstan,KZ,1974,13454570.0
Kazakhstan,KZ,1973,13208121.0
Kazakhstan,KZ,1972,12951798.0
Kazakhstan,KZ,1971,12684813.0
Kazakhstan,KZ,1970,12419057.0
Kazakhstan,KZ,1969,12156212.0
Kazakhstan,KZ,1968,11879182.0
Kazakhstan,KZ,1967,11584428.0
Kazakhstan,KZ,1966,11288989.0
Kazakhstan,KZ,1965,10993183.0
Kazakhstan,KZ,1964,10690309.0
Kazakhstan,KZ,1963,10377466.0
Norway,NO,2022,5457127.0
Norway,NO,2021,5408320.0
Norway,NO,2020,5379475.0
Norway,NO,2019,5347896.0
Norway,NO,2018,5311916.0
Norway,NO,2017,5276968.0
Norway,NO,2016,5234519.0
Norway,NO,2015,5188607.0
Norway,NO,2014,5137232.0
Norway,NO,2013,5079623.0
Norway,NO,2012,5018573.0
Norway,NO,2011,4953088.0
Norway,NO,2010,4889252.0
Norway,NO,2009,4828726.0
Norway,NO,2008,4768212.0
Norway,NO,2007,4709153.0
Norway,NO,2006,4660677.0
Norway,NO,2005,4623291.0
Norway,NO,2004,4591910.0
Norway,NO,2003,4564855.0
Norway,NO,2002,4538159.0
Norway,NO,2001,4513751.0
Norway,NO,2000,4490967.0
Norway,NO,1999,4461913.0
Norway,NO,1998,4431464.0
Norway,NO,1997,4405157.0
Norway,NO,1996,4381336.0
Norway,NO,1995,4359184.0
Norway,NO,1994,4336613.0
Norway,NO,1993,4311991.0
Norway,NO,1992,4286401.0
Norway,NO,1991,4261732.0
Norway,NO,1990,4241473.0
Norway,NO,1989,4226901.0
Norway,NO,1988,4209488.0
Norway,NO,1987,4186905.0
Norway,NO,1986,4167354.0
Norway,NO,1985,4152516.0
Norway,NO,1984,4140099.0
Norway,NO,1983,4128432.0
Norway,NO,1982,4114787.0
Norway,NO,1981,4099702.0
Norway,NO,1980,4085620.0
Norway,NO,1979,4072517.0
Norway,NO,1978,4058671.0
Norway,NO,1977,4043205.0
Norway,NO,1976,4026152.0
Norway,NO,1975,4007313.0
Norway,NO,1974,3985258.0
Norway,NO,1973,3960612.0
Norway,NO,1972,3933004.0
Norway,NO,1971,3903039.0
Norway,NO,1970,3875763.0
Norway,NO,1969,3847707.0
Norway,NO,1968,3816486.0
Norway,NO,1967,3784539.0
Norway,NO,1966,3753012.0
Norway,NO,1965,3723168.0
Norway,NO,1964,3694339.0
Norway,NO,1963,3666537.0
Ukraine,UA,2022,41048766.0
Ukraine,UA,2021,44298640.0
Ukraine,UA,2020,44680014.0
Ukraine,UA,2019,44957458.0
Ukraine,UA,2018,45208907.0
Ukraine,UA,2017,45436041.0
Ukraine,UA,2016,45616832.0
Ukraine,UA,2015,45784896.0
Ukraine,UA,2014,45972380.0
Ukraine,UA,2013,46126770.0
Ukraine,UA,2012,46210056.0
Ukraine,UA,2011,46307853.0
Ukraine,UA,2010,46456003.0
Ukraine,UA,2009,46623731.0
Ukraine,UA,2008,46819175.0
Ukraine,UA,2007,47062798.0
Ukraine,UA,2006,47278694.0
Ukraine,UA,2005,47585556.0
Ukraine,UA,2004,47979507.0
Ukraine,UA,2003,48315136.0
Ukraine,UA,2002,48677281.0
Ukraine,UA,2001,49106855.0
Ukraine,UA,2000,49556660.0
Ukraine,UA,1999,49976446.0
Ukraine,UA,1998,50379731.0
Ukraine,UA,1997,50786885.0
Ukraine,UA,1996,51226109.0
Ukraine,UA,1995,51665539.0
Ukraine,UA,1994,52075998.0
Ukraine,UA,1993,52350126.0
Ukraine,UA,1992,52323671.0
Ukraine,UA,1991,52170961.0
Ukraine,UA,1990,52054092.0
Ukraine,UA,1989,51917817.0
Ukraine,UA,1988,51724853.0
Ukraine,UA,1987,51515732.0
Ukraine,UA,1986,51318745.0
Ukraine,UA,1985,51108770.0
Ukraine,UA,1984,50887599.0
Ukraine,UA,1983,50637029.0
Ukraine,UA,1982,50402724.0
Ukraine,UA,1981,50189281.0
Ukraine,UA,1980,49955152.0
Ukraine,UA,1979,49721381.0
Ukraine,UA,1978,49521243.0
Ukraine,UA,1977,49336481.0
Ukraine,UA,1976,49120842.0
Ukraine,UA,1975,48865229.0
Ukraine,UA,1974,48576570.0
Ukraine,UA,1973,48277121.0
Ukraine,UA,1972,47946893.0
Ukraine,UA,1971,47573287.0
Ukraine,UA,1970,47261306.0
Ukraine,UA,1969,46976256.0
Ukraine,UA,1968,46614325.0
Ukraine,UA,1967,46215988.0
Ukraine,UA,1966,45802519.0
Ukraine,UA,1965,45386892.0
Ukraine,UA,1964,44951156.0
Ukraine,UA,1963,44462372.0
Uzbekistan,UZ,2022,34938955.0
Uzbekistan,UZ,2021,34243696.0
Uzbekistan,UZ,2020,33586372.0
Uzbekistan,UZ,2019,32964701.0
Uzbekistan,UZ,2018,32373490.0
Uzbekistan,UZ,2017,31819178.0
Uzbekistan,UZ,2016,31284568.0
Uzbekistan,UZ,2015,30749346.0
Uzbekistan,UZ,2014,30222994.0
Uzbekistan,UZ,2013,29724065.0
Uzbekistan,UZ,2012,29261903.0
Uzbekistan,UZ,2011,28823196.0
Uzbekistan,UZ,2010,28385506.0
Uzbekistan,UZ,2009,27939328.0
Uzbekistan,UZ,2008,27494774.0
Uzbekistan,UZ,2007,27076008.0
Uzbekistan,UZ,2006,26699043.0
Uzbekistan,UZ,2005,26356975.0
Uzbekistan,UZ,2004,26029350.0
Uzbekistan,UZ,2003,25711259.0
Uzbekistan,UZ,2002,25399980.0
Uzbekistan,UZ,2001,25090283.0
Uzbekistan,UZ,2000,24787054.0
Uzbekistan,UZ,1999,24476008.0
Uzbekistan,UZ,1998,24134929.0
Uzbekistan,UZ,1997,23758960.0
Uzbekistan,UZ,1996,23351981.0
Uzbekistan,UZ,1995,22917589.0
Uzbekistan,UZ,1994,22463291.0
Uzbekistan,UZ,1993,21987955.0
Uzbekistan,UZ,1992,21485090.0
Uzbekistan,UZ,1991,20962910.0
Uzbekistan,UZ,1990,20464956.0
Uzbekistan,UZ,1989,19977183.0
Uzbekistan,UZ,1988,19460630.0
Uzbekistan,UZ,1987,18930070.0
Uzbekistan,UZ,1986,18395621.0
Uzbekistan,UZ,1985,17875339.0
Uzbekistan,UZ,1984,17378846.0
Uzbekistan,UZ,1983,16908400.0
Uzbekistan,UZ,1982,16462736.0
Uzbekistan,UZ,1981,16035032.0
Uzbekistan,UZ,1980,15619936.0
Uzbekistan,UZ,1979,15215587.0
Uzbekistan,UZ,1978,14816349.0
Uzbekistan,UZ,1977,14408822.0
Uzbekistan,UZ,1976,13998620.0
Uzbekistan,UZ,1975,13598521.0
Uzbekistan,UZ,1974,13209011.0
Uzbekistan,UZ,1973,12831047.0
Uzbekistan,UZ,1972,12465106.0
Uzbekistan,UZ,1971,12111511.0
Uzbekistan,UZ,1970,11762638.0
Uzbekistan,UZ,1969,11403150.0
Uzbekistan,UZ,1968,11032155.0
Uzbekistan,UZ,1967,10659180.0
Uzbekistan,UZ,1966,10289294.0
Uzbekistan,UZ,1965,9921681.0
Uzbekistan,UZ,1964,9557611.0
Uzbekistan,UZ,1963,9202246.0
Denmark,DK,2022,5903037.0
Denmark,DK,2021,5856733.0
Denmark,DK,2020,5831404.0
Denmark,DK,2019,5814422.0
Denmark,DK,2018,5793636.0
Denmark,DK,2017,5764980.0
Denmark,DK,2016,5728010.0
Denmark,DK,2015,5683483.0
Denmark,DK,2014,5643475.0
Denmark,DK,2013,5614932.0
Denmark,DK,2012,5591572.0
Denmark,DK,2011,5570572.0
Denmark,DK,2010,5547683.0
Denmark,DK,2009,5523095.0
Denmark,DK,2008,5493621.0
Denmark,DK,2007,5461438.0
Denmark,DK,2006,5437272.0
Denmark,DK,2005,5419432.0
Denmark,DK,2004,5404523.0
Denmark,DK,2003,5390574.0
Denmark,DK,2002,5375931.0
Denmark,DK,2001,5358783.0
Denmark,DK,2000,5339616.0
Denmark,DK,1999,5321799.0
Denmark,DK,1998,5304219.0
Denmark,DK,1997,5284991.0
Denmark,DK,1996,5263074.0
Denmark,DK,1995,5233373.0
Denmark,DK,1994,5206180.0
Denmark,DK,1993,5188628.0
Denmark,DK,1992,5171370.0
Denmark,DK,1991,5154298.0
Denmark,DK,1990,5140939.0
Denmark,DK,1989,5132594.0
Denmark,DK,1988,5129516.0
Denmark,DK,1987,5127024.0
Denmark,DK,1986,5120534.0
Denmark,DK,1985,5113691.0
Denmark,DK,1984,5111619.0
Denmark,DK,1983,5114297.0
Denmark,DK,1982,5117810.0
Denmark,DK,1981,5121572.0
Denmark,DK,1980,5123027.0
Denmark,DK,1979,5116801.0
Denmark,DK,1978,5104248.0
Denmark,DK,1977,5088419.0
Denmark,DK,1976,5072596.0
Denmark,DK,1975,5059862.0
Denmark,DK,1974,5045297.0
Denmark,DK,1973,5021861.0
Denmark,DK,1972,4991596.0
Denmark,DK,1971,4963126.0
Denmark,DK,1970,4928757.0
Denmark,DK,1969,4891860.0
Denmark,DK,1968,4864883.0
Denmark,DK,1967,4835354.0
Denmark,DK,1966,4797381.0
Denmark,DK,1965,4759012.0
Denmark,DK,1964,4722072.0
Denmark,DK,1963,4684483.0
Australia,AU,2022,26014399.0
Australia,AU,2021,25685412.0
Australia,AU,2020,25649248.0
Australia,AU,2019,25334826.0
Australia,AU,2018,24963258.0
Australia,AU,2017,24592588.0
Australia,AU,2016,24190907.0
Australia,AU,2015,23815995.0
Australia,AU,2014,23475686.0
Australia,AU,2013,23128129.0
Australia,AU,2012,22733465.0
Australia,AU,2011,22340024.0
Australia,AU,2010,22031750.0
Australia,AU,2009,21691653.0
Australia,AU,2008,21249199.0
Australia,AU,2007,20827622.0
Australia,AU,2006,20450966.0
Australia,AU,2005,20176844.0
Australia,AU,2004,19932722.0
Australia,AU,2003,19720737.0
Australia,AU,2002,19495210.0
Australia,AU,2001,19274701.0
Australia,AU,2000,19028802.0
Australia,AU,1999,18812264.0
Australia,AU,1998,18607584.0
Australia,AU,1997,18423037.0
Australia,AU,1996,18224767.0
Australia,AU,1995,18004882.0
Australia,AU,1994,17805468.0
Australia,AU,1993,17634808.0
Australia,AU,1992,17478635.0
Australia,AU,1991,17284036.0
Australia,AU,1990,17065128.0
Australia,AU,1989,16814416.0
Australia,AU,1988,16532164.0
Australia,AU,1987,16263874.0
Australia,AU,1986,16018350.0
Australia,AU,1985,15788312.0
Australia,AU,1984,15579391.0
Australia,AU,1983,15393472.0
Australia,AU,1982,15184247.0
Australia,AU,1981,14923260.0
Australia,AU,1980,14692000.0
Australia,AU,1979,14514000.0
Australia,AU,1978,14358000.0
Australia,AU,1977,14192000.0
Australia,AU,1976,14033000.0
Australia,AU,1975,13893000.0
Australia,AU,1974,13723000.0
Australia,AU,1973,13380000.0
Australia,AU,1972,13177000.0
Australia,AU,1971,12937000.0
Australia,AU,1970,12507000.0
Australia,AU,1969,12263000.0
Australia,AU,1968,12009000.0
Australia,AU,1967,11799000.0
Australia,AU,1966,11651000.0
Australia,AU,1965,11388000.0
Australia,AU,1964,11167000.0
Australia,AU,1963,10950000.0
Thailand,TH,2022,71735329.0
Thailand,TH,2021,71727332.0
Thailand,TH,2020,71641484.0
Thailand,TH,2019,71522271.0
Thailand,TH,2018,71376079.0
Thailand,TH,2017,71160187.0
Thailand,TH,2016,70859841.0
Thailand,TH,2015,70540795.0
Thailand,TH,2014,70216367.0
Thailand,TH,2013,69845114.0
Thailand,TH,2012,69436098.0
Thailand,TH,2011,69007208.0
Thailand,TH,2010,68579447.0
Thailand,TH,2009,68121080.0
Thailand,TH,2008,67619830.0
Thailand,TH,2007,67102394.0
Thailand,TH,2006,66567687.0
Thailand,TH,2005,66017420.0
Thailand,TH,2004,65452047.0
Thailand,TH,2003,64868166.0
Thailand,TH,2002,64266437.0
Thailand,TH,2001,63651141.0
Thailand,TH,2000,63007815.0
Thailand,TH,1999,62299043.0
Thailand,TH,1998,61522630.0
Thailand,TH,1997,60724584.0
Thailand,TH,1996,59920064.0
Thailand,TH,1995,59098232.0
Thailand,TH,1994,58260854.0
Thailand,TH,1993,57408198.0
Thailand,TH,1992,56528834.0
Thailand,TH,1991,55637434.0
Thailand,TH,1990,54738329.0
Thailand,TH,1989,53848956.0
Thailand,TH,1988,52969595.0
Thailand,TH,1987,52074105.0
Thailand,TH,1986,51177834.0
Thailand,TH,1985,50270753.0
Thailand,TH,1984,49351708.0
Thailand,TH,1983,48423309.0
Thailand,TH,1982,47494577.0
Thailand,TH,1981,46575855.0
Thailand,TH,1980,45650022.0
Thailand,TH,1979,44718434.0
Thailand,TH,1978,43788976.0
Thailand,TH,1977,42843974.0
Thailand,TH,1976,41896504.0
Thailand,TH,1975,40940005.0
Thailand,TH,1974,39952891.0
Thailand,TH,1973,38947787.0
Thailand,TH,1972,37933929.0
Thailand,TH,1971,36937387.0
Thailand,TH,1970,35954408.0
Thailand,TH,1969,34973782.0
Thailand,TH,1968,34002560.0
Thailand,TH,1967,33037801.0
Thailand,TH,1966,32086071.0
Thailand,TH,1965,31149337.0
Thailand,TH,1964,30232141.0
Thailand,TH,1963,29342322.0
Jamaica,JM,2022,2839144.0
Jamaica,JM,2021,2837682.0
Jamaica,JM,2020,2830739.0
Jamaica,JM,2019,2823271.0
Jamaica,JM,2018,2820097.0
Jamaica,JM,2017,2815764.0
Jamaica,JM,2016,2809915.0
Jamaica,JM,2015,2802534.0
Jamaica,JM,2014,2793749.0
Jamaica,JM,2013,2783687.0
Jamaica,JM,2012,2772430.0
Jamaica,JM,2011,2760494.0
Jamaica,JM,2010,2748568.0
Jamaica,JM,2009,2736995.0
Jamaica,JM,2008,2725635.0
Jamaica,JM,2007,2713800.0
Jamaica,JM,2006,2700968.0
Jamaica,JM,2005,2687066.0
Jamaica,JM,2004,2672225.0
Jamaica,JM,2003,2656623.0
Jamaica,JM,2002,2640572.0
Jamaica,JM,2001,2624403.0
Jamaica,JM,2000,2607826.0
Jamaica,JM,1999,2589795.0
Jamaica,JM,1998,2569736.0
Jamaica,JM,1997,2547848.0
Jamaica,JM,1996,2524463.0
Jamaica,JM,1995,2500151.0
Jamaica,JM,1994,2475220.0
Jamaica,JM,1993,2449916.0
Jamaica,JM,1992,2424701.0
Jamaica,JM,1991,2400869.0
Jamaica,JM,1990,2379877.0
Jamaica,JM,1989,2361916.0
Jamaica,JM,1988,2345777.0
Jamaica,JM,1987,2329813.0
Jamaica,JM,1986,2312125.0
Jamaica,JM,1985,2290656.0
Jamaica,JM,1984,2264562.0
Jamaica,JM,1983,2234832.0
Jamaica,JM,1982,2203889.0
Jamaica,JM,1981,2173818.0
Jamaica,JM,1980,2145658.0
Jamaica,JM,1979,2119486.0
Jamaica,JM,1978,2094836.0
Jamaica,JM,1977,2070657.0
Jamaica,JM,1976,2045578.0
Jamaica,JM,1975,2018981.0
Jamaica,JM,1974,1990906.0
Jamaica,JM,1973,1961219.0
Jamaica,JM,1972,1931542.0
Jamaica,JM,1971,1903728.0
Jamaica,JM,1970,1878196.0
Jamaica,JM,1969,1855127.0
Jamaica,JM,1968,1833765.0
Jamaica,JM,1967,1812865.0
Jamaica,JM,1966,1791475.0
Jamaica,JM,1965,1769192.0
Jamaica,JM,1964,1745568.0
Jamaica,JM,1963,1721099.0
France,FR,2022,68065015.0
France,FR,2021,67842811.0
France,FR,2020,67601110.0
France,FR,2019,67382061.0
France,FR,2018,67158348.0
France,FR,2017,66918020.0
France,FR,2016,66724104.0
France,FR,2015,66548272.0
France,FR,2014,66312067.0
France,FR,2013,65997932.0
France,FR,2012,65657659.0
France,FR,2011,65340830.0
France,FR,2010,65026211.0
France,FR,2009,64706436.0
France,FR,2008,64375116.0
France,FR,2007,64016890.0
France,FR,2006,63622342.0
France,FR,2005,63180854.0
France,FR,2004,62707588.0
France,FR,2003,62249855.0
France,FR,2002,61812142.0
France,FR,2001,61364377.0
France,FR,2000,60918661.0
France,FR,1999,60501986.0
France,FR,1998,60190684.0
France,FR,1997,59968066.0
France,FR,1996,59754504.0
France,FR,1995,59541294.0
France,FR,1994,59324863.0
France,FR,1993,59103094.0
France,FR,1992,58846584.0
France,FR,1991,58554242.0
France,FR,1990,58261012.0
France,FR,1989,57943062.0
France,FR,1988,57598186.0
France,FR,1987,57266167.0
France,FR,1986,56956002.0
France,FR,1985,56665619.0
France,FR,1984,56383085.0
France,FR,1983,56108330.0
France,FR,1982,55806789.0
France,FR,1981,55603353.0
France,FR,1980,55274184.0
France,FR,1979,54979851.0
France,FR,1978,54734030.0
France,FR,1977,54486467.0
France,FR,1976,54232383.0
France,FR,1975,54002853.0
France,FR,1974,53746571.0
France,FR,1973,53392161.0
France,FR,1972,52962356.0
France,FR,1971,52499553.0
France,FR,1970,52007169.0
France,FR,1969,51536014.0
France,FR,1968,51112980.0
France,FR,1967,50722791.0
France,FR,1966,50311637.0
France,FR,1965,49877725.0
France,FR,1964,49401492.0
France,FR,1963,48877567.0
Slovenia,SI,2022,2112076.0
Slovenia,SI,2021,2108079.0
Slovenia,SI,2020,2102419.0
Slovenia,SI,2019,2088385.0
Slovenia,SI,2018,2073894.0
Slovenia,SI,2017,2066388.0
Slovenia,SI,2016,2065042.0
Slovenia,SI,2015,2063531.0
Slovenia,SI,2014,2061980.0
Slovenia,SI,2013,2059953.0
Slovenia,SI,2012,2057159.0
Slovenia,SI,2011,2052843.0
Slovenia,SI,2010,2048583.0
Slovenia,SI,2009,2039669.0
Slovenia,SI,2008,2021316.0
Slovenia,SI,2007,2018122.0
Slovenia,SI,2006,2006868.0
Slovenia,SI,2005,2000474.0
Slovenia,SI,2004,1997012.0
Slovenia,SI,2003,1995733.0
Slovenia,SI,2002,1994530.0
Slovenia,SI,2001,1992060.0
Slovenia,SI,2000,1988925.0
Slovenia,SI,1999,1983045.0
Slovenia,SI,1998,1981629.0
Slovenia,SI,1997,1985956.0
Slovenia,SI,1996,1988628.0
Slovenia,SI,1995,1989872.0
Slovenia,SI,1994,1989443.0
Slovenia,SI,1993,1991746.0
Slovenia,SI,1992,1996498.0
Slovenia,SI,1991,1999429.0
Slovenia,SI,1990,1998161.0
Slovenia,SI,1989,1996351.0
Slovenia,SI,1988,1995196.0
Slovenia,SI,1987,1989776.0
Slovenia,SI,1986,1965964.0
Slovenia,SI,1985,1941641.0
Slovenia,SI,1984,1932154.0
Slovenia,SI,1983,1922321.0
Slovenia,SI,1982,1910334.0
Slovenia,SI,1981,1906531.0
Slovenia,SI,1980,1901315.0
Slovenia,SI,1979,1882599.0
Slovenia,SI,1978,1862548.0
Slovenia,SI,1977,1842377.0
Slovenia,SI,1976,1820249.0
Slovenia,SI,1975,1793581.0
Slovenia,SI,1974,1776132.0
Slovenia,SI,1973,1766697.0
Slovenia,SI,1972,1752233.0
Slovenia,SI,1971,1738335.0
Slovenia,SI,1970,1724891.0
Slovenia,SI,1969,1713874.0
Slovenia,SI,1968,1704546.0
Slovenia,SI,1967,1689528.0
Slovenia,SI,1966,1669905.0
Slovenia,SI,1965,1649160.0
Slovenia,SI,1964,1632114.0
Slovenia,SI,1963,1616971.0
Belgium,BE,2022,11680210.0
Belgium,BE,2021,11586195.0
Belgium,BE,2020,11538604.0
Belgium,BE,2019,11488980.0
Belgium,BE,2018,11427054.0
Belgium,BE,2017,11375158.0
Belgium,BE,2016,11331422.0
Belgium,BE,2015,11274196.0
Belgium,BE,2014,11209057.0
Belgium,BE,2013,11159407.0
Belgium,BE,2012,11106932.0
Belgium,BE,2011,11038264.0
Belgium,BE,2010,10895586.0
Belgium,BE,2009,10796493.0
Belgium,BE,2008,10709973.0
Belgium,BE,2007,10625700.0
Belgium,BE,2006,10547958.0
Belgium,BE,2005,10478617.0
Belgium,BE,2004,10421137.0
Belgium,BE,2003,10376133.0
Belgium,BE,2002,10332785.0
Belgium,BE,2001,10286570.0
Belgium,BE,2000,10251250.0
Belgium,BE,1999,10226419.0
Belgium,BE,1998,10203008.0
Belgium,BE,1997,10181245.0
Belgium,BE,1996,10156637.0
Belgium,BE,1995,10136811.0
Belgium,BE,1994,10115603.0
Belgium,BE,1993,10084475.0
Belgium,BE,1992,10045158.0
Belgium,BE,1991,10004486.0
Belgium,BE,1990,9967379.0
Belgium,BE,1989,9937697.0
Belgium,BE,1988,9901664.0
Belgium,BE,1987,9870234.0
Belgium,BE,1986,9861823.0
Belgium,BE,1985,9858308.0
Belgium,BE,1984,9855372.0
Belgium,BE,1983,9855520.0
Belgium,BE,1982,9856303.0
Belgium,BE,1981,9858982.0
Belgium,BE,1980,9859242.0
Belgium,BE,1979,9848382.0
Belgium,BE,1978,9839534.0
Belgium,BE,1977,9830358.0
Belgium,BE,1976,9818227.0
Belgium,BE,1975,9800700.0
Belgium,BE,1974,9772419.0
Belgium,BE,1973,9741720.0
Belgium,BE,1972,9711115.0
Belgium,BE,1971,9673162.0
Belgium,BE,1970,9655549.0
Belgium,BE,1969,9646032.0
Belgium,BE,1968,9618756.0
Belgium,BE,1967,9580991.0
Belgium,BE,1966,9527807.0
Belgium,BE,1965,9463667.0
Belgium,BE,1964,9378113.0
Belgium,BE,1963,9289770.0
Netherlands,NL,2022,17700982.0
Netherlands,NL,2021,17533044.0
Netherlands,NL,2020,17441500.0
Netherlands,NL,2019,17344874.0
Netherlands,NL,2018,17231624.0
Netherlands,NL,2017,17131296.0
Netherlands,NL,2016,17030314.0
Netherlands,NL,2015,16939923.0
Netherlands,NL,2014,16865008.0
Netherlands,NL,2013,16804432.0
Netherlands,NL,2012,16754962.0
Netherlands,NL,2011,16693074.0
Netherlands,NL,2010,16615394.0
Netherlands,NL,2009,16530388.0
Netherlands,NL,2008,16445593.0
Netherlands,NL,2007,16381696.0
Netherlands,NL,2006,16346101.0
Netherlands,NL,2005,16319868.0
Netherlands,NL,2004,16281779.0
Netherlands,NL,2003,16225302.0
Netherlands,NL,2002,16148929.0
Netherlands,NL,2001,16046180.0
Netherlands,NL,2000,15925513.0
Netherlands,NL,1999,15812088.0
Netherlands,NL,1998,15707209.0
Netherlands,NL,1997,15610650.0
Netherlands,NL,1996,15530498.0
Netherlands,NL,1995,15459006.0
Netherlands,NL,1994,15382838.0
Netherlands,NL,1993,15290368.0
Netherlands,NL,1992,15184166.0
Netherlands,NL,1991,15069798.0
Netherlands,NL,1990,14951510.0
Netherlands,NL,1989,14848907.0
Netherlands,NL,1988,14760094.0
Netherlands,NL,1987,14665037.0
Netherlands,NL,1986,14572278.0
Netherlands,NL,1985,14491632.0
Netherlands,NL,1984,14424211.0
Netherlands,NL,1983,14367070.0
Netherlands,NL,1982,14312690.0
Netherlands,NL,1981,14247208.0
Netherlands,NL,1980,14149800.0
Netherlands,NL,1979,14038270.0
Netherlands,NL,1978,13941700.0
Netherlands,NL,1977,13856185.0
Netherlands,NL,1976,13774037.0
Netherlands,NL,1975,13666335.0
Netherlands,NL,1974,13545056.0
Netherlands,NL,1973,13439322.0
Netherlands,NL,1972,13328593.0
Netherlands,NL,1971,13194497.0
Netherlands,NL,1970,13038526.0
Netherlands,NL,1969,12877984.0
Netherlands,NL,1968,12729721.0
Netherlands,NL,1967,12598201.0
Netherlands,NL,1966,12456251.0
Netherlands,NL,1965,12294732.0
Netherlands,NL,1964,12127120.0
Netherlands,NL,1963,11965966.0
China,CN,2022,1412175000.0
China,CN,2021,1412360000.0
China,CN,2020,1411100000.0
China,CN,2019,1407745000.0
China,CN,2018,1402760000.0
China,CN,2017,1396215000.0
China,CN,2016,1387790000.0
China,CN,2015,1379860000.0
China,CN,2014,1371860000.0
China,CN,2013,1363240000.0
China,CN,2012,1354190000.0
China,CN,2011,1345035000.0
China,CN,2010,1337705000.0
China,CN,2009,1331260000.0
China,CN,2008,1324655000.0
China,CN,2007,1317885000.0
China,CN,2006,1311020000.0
China,CN,2005,1303720000.0
China,CN,2004,1296075000.0
China,CN,2003,1288400000.0
China,CN,2002,1280400000.0
China,CN,2001,1271850000.0
China,CN,2000,1262645000.0
China,CN,1999,1252735000.0
China,CN,1998,1241935000.0
China,CN,1997,1230075000.0
China,CN,1996,1217550000.0
China,CN,1995,1204855000.0
China,CN,1994,1191835000.0
China,CN,1993,1178440000.0
China,CN,1992,1164970000.0
China,CN,1991,1150780000.0
China,CN,1990,1135185000.0
China,CN,1989,1118650000.0
China,CN,1988,1101630000.0
China,CN,1987,1084035000.0
China,CN,1986,1066790000.0
China,CN,1985,1051040000.0
China,CN,1984,1036825000.0
China,CN,1983,1023310000.0
China,CN,1982,1008630000.0
China,CN,1981,993885000.0
China,CN,1980,981235000.0
China,CN,1979,969005000.0
China,CN,1978,956165000.0
China,CN,1977,943455000.0
China,CN,1976,930685000.0
China,CN,1975,916395000.0
China,CN,1974,900350000.0
China,CN,1973,881940000.0
China,CN,1972,862030000.0
China,CN,1971,841105000.0
China,CN,1970,818315000.0
China,CN,1969,796025000.0
China,CN,1968,774510000.0
China,CN,1967,754550000.0
China,CN,1966,735400000.0
China,CN,1965,715185000.0
China,CN,1964,698355000.0
China,CN,1963,682335000.0
Lithuania,LT,2022,2831639.0
Lithuania,LT,2021,2800839.0
Lithuania,LT,2020,2794885.0
Lithuania,LT,2019,2794137.0
Lithuania,LT,2018,2801543.0
Lithuania,LT,2017,2828403.0
Lithuania,LT,2016,2868231.0
Lithuania,LT,2015,2904910.0
Lithuania,LT,2014,2932367.0
Lithuania,LT,2013,2957689.0
Lithuania,LT,2012,2987773.0
Lithuania,LT,2011,3028115.0
Lithuania,LT,2010,3097282.0
Lithuania,LT,2009,3162916.0
Lithuania,LT,2008,3198231.0
Lithuania,LT,2007,3231294.0
Lithuania,LT,2006,3269909.0
Lithuania,LT,2005,3322528.0
Lithuania,LT,2004,3377075.0
Lithuania,LT,2003,3415213.0
Lithuania,LT,2002,3443067.0
Lithuania,LT,2001,3470818.0
Lithuania,LT,2000,3499536.0
Lithuania,LT,1999,3524238.0
Lithuania,LT,1998,3549331.0
Lithuania,LT,1997,3575137.0
Lithuania,LT,1996,3601613.0
Lithuania,LT,1995,3629102.0
Lithuania,LT,1994,3657144.0
Lithuania,LT,1993,3682613.0
Lithuania,LT,1992,3700114.0
Lithuania,LT,1991,3704134.0
Lithuania,LT,1990,3697838.0
Lithuania,LT,1989,3684255.0
Lithuania,LT,1988,3655049.0
Lithuania,LT,1987,3616367.0
Lithuania,LT,1986,3578914.0
Lithuania,LT,1985,3544543.0
Lithuania,LT,1984,3514205.0
Lithuania,LT,1983,3485192.0
Lithuania,LT,1982,3457179.0
Lithuania,LT,1981,3432947.0
Lithuania,LT,1980,3413202.0
Lithuania,LT,1979,3397842.0
Lithuania,LT,1978,3379514.0
Lithuania,LT,1977,3355036.0
Lithuania,LT,1976,3328664.0
Lithuania,LT,1975,3301652.0
Lithuania,LT,1974,3273894.0
Lithuania,LT,1973,3244438.0
Lithuania,LT,1972,3213622.0
Lithuania,LT,1971,3179041.0
Lithuania,LT,1970,3139689.0
Lithuania,LT,1969,3107321.0
Lithuania,LT,1968,3078850.0
Lithuania,LT,1967,3044400.0
Lithuania,LT,1966,3008050.0
Lithuania,LT,1965,2971450.0
Lithuania,LT,1964,2935200.0
Lithuania,LT,1963,2898950.0
Italy,IT,2022,59013667.0
Italy,IT,2021,59133173.0
Italy,IT,2020,59438851.0
Italy,IT,2019,59729081.0
Italy,IT,2018,60421760.0
Italy,IT,2017,60536709.0
Italy,IT,2016,60627498.0
Italy,IT,2015,60730582.0
Italy,IT,2014,60789140.0
Italy,IT,2013,60233948.0
Italy,IT,2012,59539717.0
Italy,IT,2011,59379449.0
Italy,IT,2010,59277417.0
Italy,IT,2009,59095365.0
Italy,IT,2008,58826731.0
Italy,IT,2007,58438310.0
Italy,IT,2006,58143979.0
Italy,IT,2005,57969484.0
Italy,IT,2004,57685327.0
Italy,IT,2003,57313203.0
Italy,IT,2002,57059007.0
Italy,IT,2001,56974100.0
Italy,IT,2000,56942108.0
Italy,IT,1999,56916317.0
Italy,IT,1998,56906744.0
Italy,IT,1997,56890372.0
Italy,IT,1996,56860281.0
Italy,IT,1995,56844303.0
Italy,IT,1994,56843400.0
Italy,IT,1993,56831821.0
Italy,IT,1992,56797087.0
Italy,IT,1991,56758521.0
Italy,IT,1990,56719240.0
Italy,IT,1989,56671781.0
Italy,IT,1988,56629288.0
Italy,IT,1987,56601931.0
Italy,IT,1986,56596155.0
Italy,IT,1985,56593071.0
Italy,IT,1984,56576718.0
Italy,IT,1983,56564074.0
Italy,IT,1982,56543548.0
Italy,IT,1981,56501675.0
Italy,IT,1980,56433883.0
Italy,IT,1979,56317749.0
Italy,IT,1978,56155143.0
Italy,IT,1977,55955411.0
Italy,IT,1976,55718260.0
Italy,IT,1975,55441001.0
Italy,IT,1974,55110868.0
Italy,IT,1973,54751406.0
Italy,IT,1972,54381345.0
Italy,IT,1971,54073490.0
Italy,IT,1970,53821850.0
Italy,IT,1969,53537950.0
Italy,IT,1968,53235750.0
Italy,IT,1967,52900500.0
Italy,IT,1966,52519000.0
Italy,IT,1965,52112350.0
Italy,IT,1964,51675350.0
Italy,IT,1963,51252000.0
Nigeria,NG,2022,223150896.0
Nigeria,NG,2021,218529286.0
Nigeria,NG,2020,213996181.0
Nigeria,NG,2019,209485641.0
Nigeria,NG,2018,204938755.0
Nigeria,NG,2017,200254579.0
Nigeria,NG,2016,195443700.0
Nigeria,NG,2015,190671878.0
Nigeria,NG,2014,185896915.0
Nigeria,NG,2013,181049443.0
Nigeria,NG,2012,176200625.0
Nigeria,NG,2011,171379598.0
Nigeria,NG,2010,166642886.0
Nigeria,NG,2009,162049464.0
Nigeria,NG,2008,157595014.0
Nigeria,NG,2007,153267261.0
Nigeria,NG,2006,149077334.0
Nigeria,NG,2005,145017253.0
Nigeria,NG,2004,141057045.0
Nigeria,NG,2003,137202644.0
Nigeria,NG,2002,133471989.0
Nigeria,NG,2001,129862595.0
Nigeria,NG,2000,126382494.0
Nigeria,NG,1999,123047320.0
Nigeria,NG,1998,119846254.0
Nigeria,NG,1997,116754792.0
Nigeria,NG,1996,113754779.0
Nigeria,NG,1995,110819428.0
Nigeria,NG,1994,107935714.0
Nigeria,NG,1993,105122069.0
Nigeria,NG,1992,102372770.0
Nigeria,NG,1991,99720162.0
Nigeria,NG,1990,97120925.0
Nigeria,NG,1989,94531014.0
Nigeria,NG,1988,92020090.0
Nigeria,NG,1987,89591716.0
Nigeria,NG,1986,87235953.0
Nigeria,NG,1985,84897973.0
Nigeria,NG,1984,82526443.0
Nigeria,NG,1983,80438260.0
Nigeria,NG,1982,78378701.0
Nigeria,NG,1981,76068103.0
Nigeria,NG,1980,73764641.0
Nigeria,NG,1979,71498242.0
Nigeria,NG,1978,69326532.0
Nigeria,NG,1977,67234590.0
Nigeria,NG,1976,65258009.0
Nigeria,NG,1975,63410815.0
Nigeria,NG,1974,61679144.0
Nigeria,NG,1973,60082139.0
Nigeria,NG,1972,58601748.0
Nigeria,NG,1971,57214684.0
Nigeria,NG,1970,55893838.0
Nigeria,NG,1969,54631914.0
Nigeria,NG,1968,53432783.0
Nigeria,NG,1967,52293065.0
Nigeria,NG,1966,51188234.0
Nigeria,NG,1965,50086764.0
Nigeria,NG,1964,49012016.0
Nigeria,NG,1963,47973575.0
Estonia,EE,2022,1348840.0
Estonia,EE,2021,1330932.0
Estonia,EE,2020,1329522.0
Estonia,EE,2019,1326898.0
Estonia,EE,2018,1321977.0
Estonia,EE,2017,1317384.0
Estonia,EE,2016,1315790.0
Estonia,EE,2015,1315407.0
Estonia,EE,2014,1314545.0
Estonia,EE,2013,1317997.0
Estonia,EE,2012,1322696.0
Estonia,EE,2011,1327439.0
Estonia,EE,2010,1331475.0
Estonia,EE,2009,1334515.0
Estonia,EE,2008,1337090.0
Estonia,EE,2007,1340680.0
Estonia,EE,2006,1346810.0
Estonia,EE,2005,1354775.0
Estonia,EE,2004,1362550.0
Estonia,EE,2003,1370720.0
Estonia,EE,2002,1379350.0
Estonia,EE,2001,1388115.0
Estonia,EE,2000,1396985.0
Estonia,EE,1999,1390244.0
Estonia,EE,1998,1386156.0
Estonia,EE,1997,1399535.0
Estonia,EE,1996,1415594.0
Estonia,EE,1995,1436634.0
Estonia,EE,1994,1462514.0
Estonia,EE,1993,1494128.0
Estonia,EE,1992,1533091.0
Estonia,EE,1991,1561314.0
Estonia,EE,1990,1569174.0
Estonia,EE,1989,1568131.0
Estonia,EE,1988,1561900.0
Estonia,EE,1987,1552221.0
Estonia,EE,1986,1540190.0
Estonia,EE,1985,1528781.0
Estonia,EE,1984,1518617.0
Estonia,EE,1983,1508745.0
Estonia,EE,1982,1498414.0
Estonia,EE,1981,1487666.0
Estonia,EE,1980,1477219.0
Estonia,EE,1979,1468333.0
Estonia,EE,1978,1460188.0
Estonia,EE,1977,1450211.0
Estonia,EE,1976,1439576.0
Estonia,EE,1975,1429352.0
Estonia,EE,1974,1418169.0
Estonia,EE,1973,1405951.0
Estonia,EE,1972,1392518.0
Estonia,EE,1971,1376955.0
Estonia,EE,1970,1360076.0
Estonia,EE,1969,1345249.0
Estonia,EE,1968,1331214.0
Estonia,EE,1967,1318946.0
Estonia,EE,1966,1308597.0
Estonia,EE,1965,1294566.0
Estonia,EE,1964,1277086.0
Estonia,EE,1963,1258857.0
Japan,JP,2022,125124989.0
Japan,JP,2021,125681593.0
Japan,JP,2020,126261000.0
Japan,JP,2019,126633000.0
Japan,JP,2018,126811000.0
Japan,JP,2017,126972000.0
Japan,JP,2016,127076000.0
Japan,JP,2015,127141000.0
Japan,JP,2014,127276000.0
Japan,JP,2013,127445000.0
Japan,JP,2012,127629000.0
Japan,JP,2011,127833000.0
Japan,JP,2010,128070000.0
Japan,JP,2009,128047000.0
Japan,JP,2008,128063000.0
Japan,JP,2007,128001000.0
Japan,JP,2006,127854000.0
Japan,JP,2005,127773000.0
Japan,JP,2004,127761000.0
Japan,JP,2003,127718000.0
Japan,JP,2002,127445000.0
Japan,JP,2001,127149000.0
Japan,JP,2000,126843000.0
Japan,JP,1999,126631000.0
Japan,JP,1998,126400000.0
Japan,JP,1997,126057000.0
Japan,JP,1996,125757000.0
Japan,JP,1995,125472000.0
Japan,JP,1994,125178000.0
Japan,JP,1993,124829000.0
Japan,JP,1992,124425000.0
Japan,JP,1991,123964000.0
Japan,JP,1990,123478000.0
Japan,JP,1989,123069000.0
Japan,JP,1988,122578000.0
Japan,JP,1987,122069000.0
Japan,JP,1986,121482000.0
Japan,JP,1985,120837000.0
Japan,JP,1984,120083000.0
Japan,JP,1983,119307000.0
Japan,JP,1982,118480000.0
Japan,JP,1981,117661000.0
Japan,JP,1980,116807000.0
Japan,JP,1979,115890000.0
Japan,JP,1978,114913000.0
Japan,JP,1977,113872000.0
Japan,JP,1976,112775000.0
Japan,JP,1975,111573000.0
Japan,JP,1974,110162000.0
Japan,JP,1973,108707000.0
Japan,JP,1972,107188000.0
Japan,JP,1971,105697000.0
Japan,JP,1970,103403000.0
Japan,JP,1969,102219000.0
Japan,JP,1968,101011000.0
Japan,JP,1967,99879000.0
Japan,JP,1966,98851000.0
Japan,JP,1965,97952000.0
Japan,JP,1964,96903000.0
Japan,JP,1963,95900000.0
Montenegro,ME,2022,617213.0
Montenegro,ME,2021,619211.0
Montenegro,ME,2020,621306.0
Montenegro,ME,2019,622028.0
Montenegro,ME,2018,622227.0
Montenegro,ME,2017,622373.0
Montenegro,ME,2016,622303.0
Montenegro,ME,2015,622159.0
Montenegro,ME,2014,621810.0
Montenegro,ME,2013,621207.0
Montenegro,ME,2012,620601.0
Montenegro,ME,2011,620079.0
Montenegro,ME,2010,619428.0
Montenegro,ME,2009,618294.0
Montenegro,ME,2008,616969.0
Montenegro,ME,2007,615875.0
Montenegro,ME,2006,615025.0
Montenegro,ME,2005,614261.0
Montenegro,ME,2004,613353.0
Montenegro,ME,2003,612267.0
Montenegro,ME,2002,609828.0
Montenegro,ME,2001,607389.0
Montenegro,ME,2000,604950.0
Montenegro,ME,1999,606001.0
Montenegro,ME,1998,607662.0
Montenegro,ME,1997,609520.0
Montenegro,ME,1996,611003.0
Montenegro,ME,1995,611712.0
Montenegro,ME,1994,611389.0
Montenegro,ME,1993,610170.0
Montenegro,ME,1992,608516.0
Montenegro,ME,1991,607105.0
Montenegro,ME,1990,606372.0
Montenegro,ME,1989,606571.0
Montenegro,ME,1988,607413.0
Montenegro,ME,1987,608144.0
Montenegro,ME,1986,607711.0
Montenegro,ME,1985,605398.0
Montenegro,ME,1984,600884.0
Montenegro,ME,1983,594506.0
Montenegro,ME,1982,587001.0
Montenegro,ME,1981,579445.0
Montenegro,ME,1980,572608.0
Montenegro,ME,1979,566888.0
Montenegro,ME,1978,562065.0
Montenegro,ME,1977,557576.0
Montenegro,ME,1976,552562.0
Montenegro,ME,1975,546487.0
Montenegro,ME,1974,538902.0
Montenegro,ME,1973,530220.0
Montenegro,ME,1972,521785.0
Montenegro,ME,1971,515449.0
Montenegro,ME,1970,512407.0
Montenegro,ME,1969,513340.0
Montenegro,ME,1968,517481.0
Montenegro,ME,1967,522796.0
Montenegro,ME,1966,526419.0
Montenegro,ME,1965,526327.0
Montenegro,ME,1964,521753.0
Montenegro,ME,1963,513409.0
Hungary,HU,2022,9644377.0
Hungary,HU,2021,9709891.0
Hungary,HU,2020,9750149.0
Hungary,HU,2019,9771141.0
Hungary,HU,2018,9775564.0
Hungary,HU,2017,9787966.0
Hungary,HU,2016,9814023.0
Hungary,HU,2015,9843028.0
Hungary,HU,2014,9866468.0
Hungary,HU,2013,9893082.0
Hungary,HU,2012,9920362.0
Hungary,HU,2011,9971727.0
Hungary,HU,2010,10000023.0
Hungary,HU,2009,10022650.0
Hungary,HU,2008,10038188.0
Hungary,HU,2007,10055780.0
Hungary,HU,2006,10071370.0
Hungary,HU,2005,10087065.0
Hungary,HU,2004,10107146.0
Hungary,HU,2003,10129552.0
Hungary,HU,2002,10158608.0
Hungary,HU,2001,10187576.0
Hungary,HU,2000,10210971.0
Hungary,HU,1999,10237530.0
Hungary,HU,1998,10266570.0
Hungary,HU,1997,10290486.0
Hungary,HU,1996,10311238.0
Hungary,HU,1995,10328965.0
Hungary,HU,1994,10343355.0
Hungary,HU,1993,10357523.0
Hungary,HU,1992,10369341.0
Hungary,HU,1991,10373400.0
Hungary,HU,1990,10373988.0
Hungary,HU,1989,10481719.0
Hungary,HU,1988,10596487.0
Hungary,HU,1987,10612741.0
Hungary,HU,1986,10630564.0
Hungary,HU,1985,10648713.0
Hungary,HU,1984,10668095.0
Hungary,HU,1983,10689463.0
Hungary,HU,1982,10705535.0
Hungary,HU,1981,10711848.0
Hungary,HU,1980,10711122.0
Hungary,HU,1979,10704152.0
Hungary,HU,1978,10684822.0
Hungary,HU,1977,10648031.0
Hungary,HU,1976,10598677.0
Hungary,HU,1975,10540525.0
Hungary,HU,1974,10478720.0
Hungary,HU,1973,10432055.0
Hungary,HU,1972,10398489.0
Hungary,HU,1971,10367537.0
Hungary,HU,1970,10337910.0
Hungary,HU,1969,10298723.0
Hungary,HU,1968,10255815.0
Hungary,HU,1967,10216604.0
Hungary,HU,1966,10178653.0
Hungary,HU,1965,10147935.0
Hungary,HU,1964,10119835.0
Hungary,HU,1963,10087947.0
"Bahamas, The",BS,2022,397538.0
"Bahamas, The",BS,2021,396373.0
"Bahamas, The",BS,2020,395863.0
"Bahamas, The",BS,2019,394675.0
"Bahamas, The",BS,2018,392717.0
"Bahamas, The",BS,2017,390485.0
"Bahamas, The",BS,2016,388055.0
"Bahamas, The",BS,2015,385346.0
"Bahamas, The",BS,2014,382298.0
"Bahamas, The",BS,2013,378953.0
"Bahamas, The",BS,2012,375469.0
"Bahamas, The",BS,2011,371729.0
"Bahamas, The",BS,2010,367478.0
"Bahamas, The",BS,2009,362810.0
"Bahamas, The",BS,2008,358120.0
"Bahamas, The",BS,2007,353334.0
"Bahamas, The",BS,2006,348375.0
"Bahamas, The",BS,2005,343894.0
"Bahamas, The",BS,2004,339782.0
"Bahamas, The",BS,2003,335618.0
"Bahamas, The",BS,2002,331614.0
"Bahamas, The",BS,2001,327836.0
"Bahamas, The",BS,2000,323835.0
"Bahamas, The",BS,1999,319614.0
"Bahamas, The",BS,1998,315368.0
"Bahamas, The",BS,1997,310904.0
"Bahamas, The",BS,1996,306268.0
"Bahamas, The",BS,1995,301461.0
"Bahamas, The",BS,1994,296509.0
"Bahamas, The",BS,1993,291339.0
"Bahamas, The",BS,1992,285927.0
"Bahamas, The",BS,1991,280731.0
"Bahamas, The",BS,1990,275945.0
"Bahamas, The",BS,1989,271178.0
"Bahamas, The",BS,1988,266448.0
"Bahamas, The",BS,1987,261935.0
"Bahamas, The",BS,1986,257536.0
"Bahamas, The",BS,1985,253154.0
"Bahamas, The",BS,1984,248863.0
"Bahamas, The",BS,1983,244698.0
"Bahamas, The",BS,1982,240614.0
"Bahamas, The",BS,1981,236614.0
"Bahamas, The",BS,1980,232526.0
"Bahamas, The",BS,1979,228230.0
"Bahamas, The",BS,1978,223761.0
"Bahamas, The",BS,1977,219157.0
"Bahamas, The",BS,1976,214501.0
"Bahamas, The",BS,1975,209886.0
"Bahamas, The",BS,1974,205342.0
"Bahamas, The",BS,1973,200791.0
"Bahamas, The",BS,1972,196055.0
"Bahamas, The",BS,1971,190857.0
"Bahamas, The",BS,1970,184982.0
"Bahamas, The",BS,1969,177981.0
"Bahamas, The",BS,1968,170089.0
"Bahamas, The",BS,1967,162267.0
"Bahamas, The",BS,1966,154874.0
"Bahamas, The",BS,1965,147952.0
"Bahamas, The",BS,1964,141528.0
"Bahamas, The",BS,1963,135087.0
Brazil,BR,2022,210306415.0
Brazil,BR,2021,209550294.0
Brazil,BR,2020,208660842.0
Brazil,BR,2019,207455459.0
Brazil,BR,2018,206107261.0
Brazil,BR,2017,204703445.0
Brazil,BR,2016,203218114.0
Brazil,BR,2015,201675532.0
Brazil,BR,2014,200085127.0
Brazil,BR,2013,198478299.0
Brazil,BR,2012,196876111.0
Brazil,BR,2011,195284734.0
Brazil,BR,2010,193701929.0
Brazil,BR,2009,192079951.0
Brazil,BR,2008,190367302.0
Brazil,BR,2007,188552320.0
Brazil,BR,2006,186653106.0
Brazil,BR,2005,184688101.0
Brazil,BR,2004,182675143.0
Brazil,BR,2003,180622688.0
Brazil,BR,2002,178503484.0
Brazil,BR,2001,176301203.0
Brazil,BR,2000,174018282.0
Brazil,BR,1999,171641543.0
Brazil,BR,1998,169159655.0
Brazil,BR,1997,166661659.0
Brazil,BR,1996,164202549.0
Brazil,BR,1995,161735073.0
Brazil,BR,1994,159265006.0
Brazil,BR,1993,156794577.0
Brazil,BR,1992,154275079.0
Brazil,BR,1991,151724256.0
Brazil,BR,1990,149143223.0
Brazil,BR,1989,146502972.0
Brazil,BR,1988,143826357.0
Brazil,BR,1987,141104944.0
Brazil,BR,1986,138336370.0
Brazil,BR,1985,135515595.0
Brazil,BR,1984,132658864.0
Brazil,BR,1983,129790077.0
Brazil,BR,1982,126923155.0
Brazil,BR,1981,124063109.0
Brazil,BR,1980,121207461.0
Brazil,BR,1979,118380821.0
Brazil,BR,1978,115600942.0
Brazil,BR,1977,112875292.0
Brazil,BR,1976,110213349.0
Brazil,BR,1975,107619565.0
Brazil,BR,1974,105089675.0
Brazil,BR,1973,102600976.0
Brazil,BR,1972,100146797.0
Brazil,BR,1971,97739273.0
Brazil,BR,1970,95375651.0
Brazil,BR,1969,93045777.0
Brazil,BR,1968,90741240.0
Brazil,BR,1967,88446124.0
Brazil,BR,1966,86139359.0
Brazil,BR,1965,83817583.0
Brazil,BR,1964,81488595.0
Brazil,BR,1963,79164235.0
Tanzania,TZ,2022,64711821.0
Tanzania,TZ,2021,62830412.0
Tanzania,TZ,2020,60972798.0
Tanzania,TZ,2019,59174891.0
Tanzania,TZ,2018,57437145.0
Tanzania,TZ,2017,55652890.0
Tanzania,TZ,2016,53824013.0
Tanzania,TZ,2015,52020962.0
Tanzania,TZ,2014,50351512.0
Tanzania,TZ,2013,48824128.0
Tanzania,TZ,2012,47374260.0
Tanzania,TZ,2011,46029367.0
Tanzania,TZ,2010,44758488.0
Tanzania,TZ,2009,43633982.0
Tanzania,TZ,2008,42570728.0
Tanzania,TZ,2007,41435512.0
Tanzania,TZ,2006,40294902.0
Tanzania,TZ,2005,39182076.0
Tanzania,TZ,2004,38109668.0
Tanzania,TZ,2003,37089555.0
Tanzania,TZ,2002,36121304.0
Tanzania,TZ,2001,35198299.0
Tanzania,TZ,2000,34260139.0
Tanzania,TZ,1999,33300330.0
Tanzania,TZ,1998,32420458.0
Tanzania,TZ,1997,31578089.0
Tanzania,TZ,1996,30945762.0
Tanzania,TZ,1995,30383497.0
Tanzania,TZ,1994,29442356.0
Tanzania,TZ,1993,28332692.0
Tanzania,TZ,1992,27457588.0
Tanzania,TZ,1991,26780436.0
Tanzania,TZ,1990,26110207.0
Tanzania,TZ,1989,25438759.0
Tanzania,TZ,1988,24769686.0
Tanzania,TZ,1987,24030378.0
Tanzania,TZ,1986,23258959.0
Tanzania,TZ,1985,22501693.0
Tanzania,TZ,1984,21779066.0
Tanzania,TZ,1983,21079874.0
Tanzania,TZ,1982,20398571.0
Tanzania,TZ,1981,19784703.0
Tanzania,TZ,1980,19189769.0
Tanzania,TZ,1979,18592038.0
Tanzania,TZ,1978,17976566.0
Tanzania,TZ,1977,17352929.0
Tanzania,TZ,1976,16736211.0
Tanzania,TZ,1975,16138361.0
Tanzania,TZ,1974,15561630.0
Tanzania,TZ,1973,15010101.0
Tanzania,TZ,1972,14479308.0
Tanzania,TZ,1971,13971451.0
Tanzania,TZ,1970,13492677.0
Tanzania,TZ,1969,13036700.0
Tanzania,TZ,1968,12602076.0
Tanzania,TZ,1967,12200109.0
Tanzania,TZ,1966,11827459.0
Tanzania,TZ,1965,11470728.0
Tanzania,TZ,1964,11127826.0
Tanzania,TZ,1963,10799528.0
Brunei Darussalam,BN,2022,455370.0
Brunei Darussalam,BN,2021,451721.0
Brunei Darussalam,BN,2020,447404.0
Brunei Darussalam,BN,2019,442680.0
Brunei Darussalam,BN,2018,437810.0
Brunei Darussalam,BN,2017,432772.0
Brunei Darussalam,BN,2016,427564.0
Brunei Darussalam,BN,2015,422212.0
Brunei Darussalam,BN,2014,416750.0
Brunei Darussalam,BN,2013,411202.0
Brunei Darussalam,BN,2012,405557.0
Brunei Darussalam,BN,2011,399389.0
Brunei Darussalam,BN,2010,392332.0
Brunei Darussalam,BN,2009,384952.0
Brunei Darussalam,BN,2008,377793.0
Brunei Darussalam,BN,2007,370873.0
Brunei Darussalam,BN,2006,364663.0
Brunei Darussalam,BN,2005,358916.0
Brunei Darussalam,BN,2004,352911.0
Brunei Darussalam,BN,2003,346637.0
Brunei Darussalam,BN,2002,340099.0
Brunei Darussalam,BN,2001,333345.0
Brunei Darussalam,BN,2000,326424.0
Brunei Darussalam,BN,1999,319411.0
Brunei Darussalam,BN,1998,312385.0
Brunei Darussalam,BN,1997,305341.0
Brunei Darussalam,BN,1996,298276.0
Brunei Darussalam,BN,1995,291195.0
Brunei Darussalam,BN,1994,284091.0
Brunei Darussalam,BN,1993,276971.0
Brunei Darussalam,BN,1992,269839.0
Brunei Darussalam,BN,1991,262596.0
Brunei Darussalam,BN,1990,255292.0
Brunei Darussalam,BN,1989,248064.0
Brunei Darussalam,BN,1988,240913.0
Brunei Darussalam,BN,1987,233860.0
Brunei Darussalam,BN,1986,226495.0
Brunei Darussalam,BN,1985,218919.0
Brunei Darussalam,BN,1984,211661.0
Brunei Darussalam,BN,1983,204741.0
Brunei Darussalam,BN,1982,198165.0
Brunei Darussalam,BN,1981,191977.0
Brunei Darussalam,BN,1980,186111.0
Brunei Darussalam,BN,1979,180422.0
Brunei Darussalam,BN,1978,174884.0
Brunei Darussalam,BN,1977,169277.0
Brunei Darussalam,BN,1976,163607.0
Brunei Darussalam,BN,1975,158070.0
Brunei Darussalam,BN,1974,152656.0
Brunei Darussalam,BN,1973,147369.0
Brunei Darussalam,BN,1972,142189.0
Brunei Darussalam,BN,1971,137921.0
Brunei Darussalam,BN,1970,135138.0
Brunei Darussalam,BN,1969,131446.0
Brunei Darussalam,BN,1968,126222.0
Brunei Darussalam,BN,1967,121017.0
Brunei Darussalam,BN,1966,115874.0
Brunei Darussalam,BN,1965,110838.0
Brunei Darussalam,BN,1964,105922.0
Brunei Darussalam,BN,1963,101159.0
"Korea, Rep.",KR,2022,51672569.0
"Korea, Rep.",KR,2021,51769539.0
"Korea, Rep.",KR,2020,51836239.0
"Korea, Rep.",KR,2019,51764822.0
"Korea, Rep.",KR,2018,51585058.0
"Korea, Rep.",KR,2017,51361911.0
"Korea, Rep.",KR,2016,51217803.0
"Korea, Rep.",KR,2015,51014947.0
"Korea, Rep.",KR,2014,50746659.0
"Korea, Rep.",KR,2013,50428893.0
"Korea, Rep.",KR,2012,50199853.0
"Korea, Rep.",KR,2011,49936638.0
"Korea, Rep.",KR,2010,49554112.0
"Korea, Rep.",KR,2009,49307835.0
"Korea, Rep.",KR,2008,49054708.0
"Korea, Rep.",KR,2007,48683638.0
"Korea, Rep.",KR,2006,48438292.0
"Korea, Rep.",KR,2005,48184561.0
"Korea, Rep.",KR,2004,48082519.0
"Korea, Rep.",KR,2003,47892330.0
"Korea, Rep.",KR,2002,47644736.0
"Korea, Rep.",KR,2001,47370164.0
"Korea, Rep.",KR,2000,47008111.0
"Korea, Rep.",KR,1999,46616677.0
"Korea, Rep.",KR,1998,46286503.0
"Korea, Rep.",KR,1997,45953580.0
"Korea, Rep.",KR,1996,45524681.0
"Korea, Rep.",KR,1995,45092991.0
"Korea, Rep.",KR,1994,44641540.0
"Korea, Rep.",KR,1993,44194628.0
"Korea, Rep.",KR,1992,43747962.0
"Korea, Rep.",KR,1991,43295704.0
"Korea, Rep.",KR,1990,42869283.0
"Korea, Rep.",KR,1989,42449038.0
"Korea, Rep.",KR,1988,42031247.0
"Korea, Rep.",KR,1987,41621690.0
"Korea, Rep.",KR,1986,41213674.0
"Korea, Rep.",KR,1985,40805744.0
"Korea, Rep.",KR,1984,40405956.0
"Korea, Rep.",KR,1983,39910403.0
"Korea, Rep.",KR,1982,39326352.0
"Korea, Rep.",KR,1981,38723248.0
"Korea, Rep.",KR,1980,38123775.0
"Korea, Rep.",KR,1979,37534236.0
"Korea, Rep.",KR,1978,36969185.0
"Korea, Rep.",KR,1977,36411795.0
"Korea, Rep.",KR,1976,35848523.0
"Korea, Rep.",KR,1975,35280725.0
"Korea, Rep.",KR,1974,34692266.0
"Korea, Rep.",KR,1973,34103149.0
"Korea, Rep.",KR,1972,33505406.0
"Korea, Rep.",KR,1971,32882704.0
"Korea, Rep.",KR,1970,32240827.0
"Korea, Rep.",KR,1969,31544266.0
"Korea, Rep.",KR,1968,30838302.0
"Korea, Rep.",KR,1967,30130983.0
"Korea, Rep.",KR,1966,29435571.0
"Korea, Rep.",KR,1965,28704674.0
"Korea, Rep.",KR,1964,27984155.0
"Korea, Rep.",KR,1963,27261747.0
South Africa,ZA,2022,62378410.0
South Africa,ZA,2021,61502603.0
South Africa,ZA,2020,60562381.0
South Africa,ZA,2019,59587885.0
South Africa,ZA,2018,58613001.0
South Africa,ZA,2017,57635162.0
South Africa,ZA,2016,57259551.0
South Africa,ZA,2015,56723537.0
South Africa,ZA,2014,55594838.0
South Africa,ZA,2013,54678791.0
South Africa,ZA,2012,53782567.0
South Africa,ZA,2011,52995205.0
South Africa,ZA,2010,52344051.0
South Africa,ZA,2009,51728516.0
South Africa,ZA,2008,51114599.0
South Africa,ZA,2007,50528584.0
South Africa,ZA,2006,49998277.0
South Africa,ZA,2005,49490033.0
South Africa,ZA,2004,48991421.0
South Africa,ZA,2003,48500348.0
South Africa,ZA,2002,48019415.0
South Africa,ZA,2001,47566800.0
South Africa,ZA,2000,47159719.0
South Africa,ZA,1999,46730335.0
South Africa,ZA,1998,46223880.0
South Africa,ZA,1997,45666838.0
South Africa,ZA,1996,45123018.0
South Africa,ZA,1995,44541554.0
South Africa,ZA,1994,44004139.0
South Africa,ZA,1993,43297156.0
South Africa,ZA,1992,42443509.0
South Africa,ZA,1991,41687898.0
South Africa,ZA,1990,40746268.0
South Africa,ZA,1989,39628575.0
South Africa,ZA,1988,38480649.0
South Africa,ZA,1987,37326190.0
South Africa,ZA,1986,36180515.0
South Africa,ZA,1985,35042093.0
South Africa,ZA,1984,33892788.0
South Africa,ZA,1983,32739304.0
South Africa,ZA,1982,31615339.0
South Africa,ZA,1981,30541044.0
South Africa,ZA,1980,29518857.0
South Africa,ZA,1979,28634162.0
South Africa,ZA,1978,27869507.0
South Africa,ZA,1977,27118952.0
South Africa,ZA,1976,26395450.0
South Africa,ZA,1975,25690940.0
South Africa,ZA,1974,24989108.0
South Africa,ZA,1973,24294263.0
South Africa,ZA,1972,23609456.0
South Africa,ZA,1971,22942143.0
South Africa,ZA,1970,22279984.0
South Africa,ZA,1969,21614676.0
South Africa,ZA,1968,20957287.0
South Africa,ZA,1967,20314066.0
South Africa,ZA,1966,19690087.0
South Africa,ZA,1965,19089380.0
South Africa,ZA,1964,18511361.0
South Africa,ZA,1963,17954564.0
Haiti,HT,2022,11503606.0
Haiti,HT,2021,11374586.0
Haiti,HT,2020,11243848.0
Haiti,HT,2019,11105163.0
Haiti,HT,2018,10962362.0
Haiti,HT,2017,10817754.0
Haiti,HT,2016,10671457.0
Haiti,HT,2015,10523242.0
Haiti,HT,2014,10373235.0
Haiti,HT,2013,10222362.0
Haiti,HT,2012,10069771.0
Haiti,HT,2011,9914904.0
Haiti,HT,2010,9803294.0
Haiti,HT,2009,9689581.0
Haiti,HT,2008,9530774.0
Haiti,HT,2007,9373296.0
Haiti,HT,2006,9216562.0
Haiti,HT,2005,9061273.0
Haiti,HT,2004,8910263.0
Haiti,HT,2003,8759912.0
Haiti,HT,2002,8607641.0
Haiti,HT,2001,8455918.0
Haiti,HT,2000,8303151.0
Haiti,HT,1999,8151296.0
Haiti,HT,1998,8002143.0
Haiti,HT,1997,7854298.0
Haiti,HT,1996,7707557.0
Haiti,HT,1995,7562546.0
Haiti,HT,1994,7419771.0
Haiti,HT,1993,7278181.0
Haiti,HT,1992,7136571.0
Haiti,HT,1991,6995450.0
Haiti,HT,1990,6854441.0
Haiti,HT,1989,6714730.0
Haiti,HT,1988,6578145.0
Haiti,HT,1987,6445123.0
Haiti,HT,1986,6316122.0
Haiti,HT,1985,6190862.0
Haiti,HT,1984,6069230.0
Haiti,HT,1983,5951096.0
Haiti,HT,1982,5835937.0
Haiti,HT,1981,5723725.0
Haiti,HT,1980,5614493.0
Haiti,HT,1979,5507590.0
Haiti,HT,1978,5402580.0
Haiti,HT,1977,5299476.0
Haiti,HT,1976,5198357.0
Haiti,HT,1975,5099086.0
Haiti,HT,1974,5001796.0
Haiti,HT,1973,4906743.0
Haiti,HT,1972,4813868.0
Haiti,HT,1971,4723244.0
Haiti,HT,1970,4635124.0
Haiti,HT,1969,4549334.0
Haiti,HT,1968,4465328.0
Haiti,HT,1967,4382999.0
Haiti,HT,1966,4302639.0
Haiti,HT,1965,4223820.0
Haiti,HT,1964,4146244.0
Haiti,HT,1963,4073068.0
Paraguay,PY,2022,6760464.0
Paraguay,PY,2021,6684182.0
Paraguay,PY,2020,6603739.0
Paraguay,PY,2019,6515058.0
Paraguay,PY,2018,6427382.0
Paraguay,PY,2017,6338660.0
Paraguay,PY,2016,6249126.0
Paraguay,PY,2015,6159103.0
Paraguay,PY,2014,6069811.0
Paraguay,PY,2013,5982445.0
Paraguay,PY,2012,5897008.0
Paraguay,PY,2011,5814626.0
Paraguay,PY,2010,5737971.0
Paraguay,PY,2009,5671236.0
Paraguay,PY,2008,5613574.0
Paraguay,PY,2007,5559386.0
Paraguay,PY,2006,5505148.0
Paraguay,PY,2005,5448097.0
Paraguay,PY,2004,5388175.0
Paraguay,PY,2003,5326436.0
Paraguay,PY,2002,5261328.0
Paraguay,PY,2001,5187689.0
Paraguay,PY,2000,5100868.0
Paraguay,PY,1999,5003135.0
Paraguay,PY,1998,4900025.0
Paraguay,PY,1997,4794412.0
Paraguay,PY,1996,4687543.0
Paraguay,PY,1995,4579806.0
Paraguay,PY,1994,4471417.0
Paraguay,PY,1993,4362696.0
Paraguay,PY,1992,4253600.0
Paraguay,PY,1991,4144364.0
Paraguay,PY,1990,4035747.0
Paraguay,PY,1989,3927802.0
Paraguay,PY,1988,3820546.0
Paraguay,PY,1987,3714889.0
Paraguay,PY,1986,3611474.0
Paraguay,PY,1985,3510671.0
Paraguay,PY,1984,3412936.0
Paraguay,PY,1983,3318068.0
Paraguay,PY,1982,3226189.0
Paraguay,PY,1981,3137604.0
Paraguay,PY,1980,3053235.0
Paraguay,PY,1979,2973968.0
Paraguay,PY,1978,2899269.0
Paraguay,PY,1977,2827874.0
Paraguay,PY,1976,2758836.0
Paraguay,PY,1975,2691648.0
Paraguay,PY,1974,2625621.0
Paraguay,PY,1973,2561102.0
Paraguay,PY,1972,2499881.0
Paraguay,PY,1971,2442537.0
Paraguay,PY,1970,2388028.0
Paraguay,PY,1969,2334992.0
Paraguay,PY,1968,2282391.0
Paraguay,PY,1967,2229994.0
Paraguay,PY,1966,2177584.0
Paraguay,PY,1965,2125177.0
Paraguay,PY,1964,2073119.0
Paraguay,PY,1963,2021909.0
"Venezuela, RB",VE,2022,28213017.0
"Venezuela, RB",VE,2021,28237826.0
"Venezuela, RB",VE,2020,28444077.0
"Venezuela, RB",VE,2019,28938098.0
"Venezuela, RB",VE,2018,29807592.0
"Venezuela, RB",VE,2017,30565323.0
"Venezuela, RB",VE,2016,30765720.0
"Venezuela, RB",VE,2015,30573972.0
"Venezuela, RB",VE,2014,30254079.0
"Venezuela, RB",VE,2013,29912198.0
"Venezuela, RB",VE,2012,29553826.0
"Venezuela, RB",VE,2011,29185212.0
"Venezuela, RB",VE,2010,28813101.0
"Venezuela, RB",VE,2009,28438298.0
"Venezuela, RB",VE,2008,28053696.0
"Venezuela, RB",VE,2007,27649363.0
"Venezuela, RB",VE,2006,27224686.0
"Venezuela, RB",VE,2005,26785804.0
"Venezuela, RB",VE,2004,26340838.0
"Venezuela, RB",VE,2003,25892703.0
"Venezuela, RB",VE,2002,25435671.0
"Venezuela, RB",VE,2001,24979922.0
"Venezuela, RB",VE,2000,24526708.0
"Venezuela, RB",VE,1999,24066593.0
"Venezuela, RB",VE,1998,23601337.0
"Venezuela, RB",VE,1997,23131685.0
"Venezuela, RB",VE,1996,22662113.0
"Venezuela, RB",VE,1995,22193821.0
"Venezuela, RB",VE,1994,21725188.0
"Venezuela, RB",VE,1993,21254520.0
"Venezuela, RB",VE,1992,20780948.0
"Venezuela, RB",VE,1991,20304896.0
"Venezuela, RB",VE,1990,19827010.0
"Venezuela, RB",VE,1989,19348921.0
"Venezuela, RB",VE,1988,18871020.0
"Venezuela, RB",VE,1987,18394963.0
"Venezuela, RB",VE,1986,17923536.0
"Venezuela, RB",VE,1985,17461434.0
"Venezuela, RB",VE,1984,17008841.0
"Venezuela, RB",VE,1983,16562205.0
"Venezuela, RB",VE,1982,16121874.0
"Venezuela, RB",VE,1981,15687297.0
"Venezuela, RB",VE,1980,15258218.0
"Venezuela, RB",VE,1979,14834552.0
"Venezuela, RB",VE,1978,14416684.0
"Venezuela, RB",VE,1977,14006812.0
"Venezuela, RB",VE,1976,13606284.0
"Venezuela, RB",VE,1975,13215892.0
"Venezuela, RB",VE,1974,12835351.0
"Venezuela, RB",VE,1973,12463537.0
"Venezuela, RB",VE,1972,12099180.0
"Venezuela, RB",VE,1971,11741008.0
"Venezuela, RB",VE,1970,11387790.0
"Venezuela, RB",VE,1969,11040280.0
"Venezuela, RB",VE,1968,10697530.0
"Venezuela, RB",VE,1967,10358513.0
"Venezuela, RB",VE,1966,10024854.0
"Venezuela, RB",VE,1965,9697790.0
"Venezuela, RB",VE,1964,9377712.0
"Venezuela, RB",VE,1963,9064021.0
